Workbook
Name EditableMiddle: 人物卡!$BX$3:$CX$11,人物卡!$BN$14,人物卡!$BN$18,人物卡!$BI$28
Name 本次成长记录: 幕间与结算!$A$30:INDEX(幕间与结算!$I$30:$I$89,MAX(1,幕间计算!$AO$2))
Name 本次幕间记录: 幕间与结算!$A$20:INDEX(幕间与结算!$I$20:$I$24,MAX(1,幕间计算!$AQ$7))
Name 本次骰点: 幕间与结算!$J$30:$J$89
Name 变更目标: 幕间计算!$P$2:INDEX(幕间计算!$P$2:$P$79,MAX(1,COUNTIF(幕间计算!$P$2:$P$79,"?*")))
Name 额外第1项: OFFSET(规则数据!$AA$20,0,0,MAX(1,规则数据!$AA$19),1)
Name 额外第2项: OFFSET(规则数据!$AC$20,0,0,MAX(1,规则数据!$AC$19),1)
Name 额外第3项: OFFSET(规则数据!$AE$20,0,0,MAX(1,规则数据!$AE$19),1)
Name 额外第4项: OFFSET(规则数据!$AG$20,0,0,MAX(1,规则数据!$AG$19),1)
Name 额外第5项: OFFSET(规则数据!$AI$20,0,0,MAX(1,规则数据!$AI$19),1)
Name 额外第6项: OFFSET(规则数据!$AK$20,0,0,MAX(1,规则数据!$AK$19),1)
Name 额外第7项: OFFSET(规则数据!$AM$20,0,0,MAX(1,规则数据!$AM$19),1)
Name 额外第8项: OFFSET(规则数据!$AO$20,0,0,MAX(1,规则数据!$AO$19),1)
Name 非自然心理疾病: 精神疾病!$B$9:$B$16
Name 关系编号: 幕间计算!$X$2:$X$8
Name 关系称谓: 参考选项!$B$35:$B$46
Name 归档空行: OFFSET(幕间与结算!$A$95,幕间计算!$AQ$8,0,1,1)
Name 护甲下拉列表: 规则数据!$A$560:$A$565
Name 空白选项: 幕间计算!$EQ$2
Name 模组编号: 幕间计算!$W$2:$W$21
Name 幕间结果: 幕间计算!$EO$2:$EO$5
Name 幕间事项: 幕间计算!$U$2:$U$10
Name 任选勾选值: 职业选项!$AA$2:$AA$3
Name 失败标记: 人物卡!$B$14:$C$43,人物卡!$AE$14:$AF$43
Name 特训对应项: 规则数据!$A$580:$A$644
Name 特训范例: 参考选项!$B$20:$B$33
Name 武器下拉列表: 规则数据!$A$500:$A$553
Name 训练目标: 幕间计算!$DQ$2:INDEX(幕间计算!$DQ$2:$DQ$79,MAX(1,COUNTIF(幕间计算!$DQ$2:$DQ$79,"?*")))
Name 有效非DG关系: 幕间计算!$DS$2:INDEX(幕间计算!$DS$2:$DS$8,MAX(1,COUNTIF(幕间计算!$DS$2:$DS$8,"?*")))
Name 有效关系: 幕间计算!$DU$2:INDEX(幕间计算!$DU$2:$DU$8,MAX(1,COUNTIF(幕间计算!$DU$2:$DU$8,"?*")))
Name 治疗告知: 幕间计算!$EP$2:$EP$3
Name 主卡技能选项: OFFSET(规则数据!$Z$20,0,0,MAX(1,规则数据!$Z$19),1)
Name 装备包选项: 装备选项!$J$2:$J$8
Name 游戏事件类型: 幕间计算!$GF$2:$GF$14
Name 理智损失来源: 幕间计算!$GE$2:$GE$4
Name 游戏精神疾病: 幕间计算!$GG$2:$GG$19
Name 本次事件记录: OFFSET(理智与关系记录!$A$27,0,0,MAX(1,幕间计算!$GA$44),9)
Name 本次事件输入: 理智与关系记录!$B$9:$C$9,理智与关系记录!$E$9:$G$9,理智与关系记录!$B$10:$C$19,理智与关系记录!$E$10:$G$19,理智与关系记录!$B$20:$K$22

Sheet 人物卡
CZ1: 物品
B2: ※ 特工信息 | AB2: ※ 属性 | AH2: 原值 | AK2: ×5 | AN2: 现值 | AQ2: 突出值解释 | BI2: 头像 | BX2: ※ 特训 | CP2: 对应技能或属性 | CZ2: ※ 物品 | DH2: 跟随职业
B3: 玩家 | AB3: 力量 | AE3: STR | AK3: =附表!B2*5 -> 0 | AN3: =幕间计算!BF1199 -> 0 | CZ3: =IF(装备选项!L6<>"",装备选项!L6,IF(DH2="自定义","",装备选项!L5)) | DR3: =装备选项!L7 | EI3: =IF(AND(DH2<>"自定义",装备选项!L6<>""),装备选项!L5,"")
B4: 特工 | N4: 代号 | AB4: 体质 | AE4: CON | AK4: =附表!B3*5 -> 0 | AN4: =幕间计算!BG1199 -> 0
B5: 性别 | N5: 年龄 | AB5: 敏捷 | AE5: DEX | AK5: =附表!B4*5 -> 0 | AN5: =幕间计算!BH1199 -> 0
B6: 国籍 | N6: 年代 | AB6: 智力 | AE6: INT | AK6: =附表!B5*5 -> 0 | AN6: =幕间计算!BI1199 -> 0
B7: 雇主 | AB7: 意志 | AE7: POW | AK7: =附表!B6*5 -> 0 | AN7: =幕间计算!BJ1199 -> 0
B8: 职位 | AB8: 魅力 | AE8: CHA | AK8: =附表!B7*5 -> 0 | AN8: =幕间计算!BK1199 -> 0 | EI8: 护甲
R9: 原始合计： | X9: =SUM(AH3:AH8) -> 0 | AB9: 总本职技能点： | AI9: =SUM(V14:V43,AY14:AY43)-SUMIF(V14:V43,">0",S14:S43)-SUMIF(AY14:AY43,">0",AV14:AV43) -> 0 | AL9: （初始重要关系数： | AT9: =IF(AI9=0,"未分配）",IFERROR(MAX(0,IF(AND(AI9>=350,AI9<=500,MOD(AI9,50)=0),(550-AI9)/50,"错误")-IF(DF46="艰苦经历",1,0)),"错误")&"）") -> 未分配） | AW9: 总额外技能点： | BD9: =规则数据!S3 -> 0
B10: 体力 | H10: =幕间计算!BM1199 -> 0 | K10: =CEILING((附表!B2+附表!B3)/2,1) -> 0 | N10: 毅力 | V10: =幕间计算!BN1199 -> 0 | Y10: =附表!B6 -> 0 | AB10: 理智 | AH10: =幕间计算!BO1199 -> 0 | AK10: =99-AS39 -> 99 | AN10: 崩溃点 | AU10: =幕间计算!BP1199 -> 0 | AX10: 适应暴力 | BD10: =CHOOSE(幕间计算!GA1199+1,"☐☐☐","√☐☐","√√☐","已适应") -> ☐☐☐
B11: Hit Points | N11: Willpower Points | AB11: Sanity | AN11: Breaking Point | AX11: 适应无力 | BD11: =CHOOSE(幕间计算!GB1199+1,"☐☐☐","√☐☐","√√☐","已适应") -> ☐☐☐
B13: ※ 技能 | P13: 总计 | S13: 初始 | V13: 职业 | Y13: 额外 | AB13: 成长 | AS13: 总计 | AV13: 初始 | AY13: 职业 | BB13: 额外 | BE13: 成长 | BI13: ※ 背景故事 | CZ13: ※ 武器 | DM13: 技能% | DQ13: 伤害/致死% | DW13: 穿甲 | DZ13: 基础射程 | ED13: 半径 | EI13: 近战伤害加成 | EQ13: =IF(AN3="",0,FLOOR((附表!B2-9)/4,1)) -> -3
B14: ☐ | D14: 会计学 | P14: =MAX(0,MIN(99,IF(V14="",N(S14),N(V14))+N(Y14)+N(AB14))) -> 10 | S14: 10 | V14: =IF(职业选项!V40>0,职业选项!V40,"") | Y14: =规则数据!H20 | AB14: =幕间计算!B2+IF(AND(幕间计算!A2<>"",COUNTIF(幕间计算!$A$2:A2,幕间计算!A2)=1),SUMIF(幕间计算!$C$200:$C$1199,幕间计算!A2,幕间计算!$E$200:$E$1199),0) -> 0 | AE14: ☐ | AG14: 法律 | AS14: =MAX(0,MIN(99,IF(AY14="",N(AV14),N(AY14))+N(BB14)+N(BE14))) -> 0 | AV14: 0 | AY14: =IF(职业选项!V41>0,职业选项!V41,"") | BB14: =规则数据!H50 | BE14: =幕间计算!B32+IF(AND(幕间计算!A32<>"",COUNTIF(幕间计算!$A$2:A32,幕间计算!A32)=1),SUMIF(幕间计算!$C$200:$C$1199,幕间计算!A32,幕间计算!$E$200:$E$1199),0) -> 0 | BI14: 外貌描述 | DM14: =IFERROR(INDIRECT(INDEX(规则数据!$C$500:$C$553,MATCH(CZ14,规则数据!$A$500:$A$553,0))),"") | DQ14: =IFERROR(IF(INDEX(规则数据!$D$500:$D$553,MATCH(CZ14,规则数据!$A$500:$A$553,0))="","",INDEX(规则数据!$D$500:$D$553,MATCH(CZ14,规则数据!$A$500:$A$553,0))),"") | DW14: =IFERROR(IF(INDEX(规则数据!$E$500:$E$553,MATCH(CZ14,规则数据!$A$500:$A$553,0))="","",INDEX(规则数据!$E$500:$E$553,MATCH(CZ14,规则数据!$A$500:$A$553,0))),"") | DZ14: =IFERROR(IF(INDEX(规则数据!$F$500:$F$553,MATCH(CZ14,规则数据!$A$500:$A$553,0))="","",INDEX(规则数据!$F$500:$F$553,MATCH(CZ14,规则数据!$A$500:$A$553,0))),"") | ED14: =IFERROR(IF(INDEX(规则数据!$G$500:$G$553,MATCH(CZ14,规则数据!$A$500:$A$553,0))="","",INDEX(规则数据!$G$500:$G$553,MATCH(CZ14,规则数据!$A$500:$A$553,0))),"") | EI14: Damage Bonus
B15: ☐ | D15: 警觉 | P15: =MAX(0,MIN(99,IF(V15="",N(S15),N(V15))+N(Y15)+N(AB15))) -> 20 | S15: 20 | V15: =IF(职业选项!V42>0,职业选项!V42,"") | Y15: =规则数据!H21 | AB15: =幕间计算!B3+IF(AND(幕间计算!A3<>"",COUNTIF(幕间计算!$A$2:A3,幕间计算!A3)=1),SUMIF(幕间计算!$C$200:$C$1199,幕间计算!A3,幕间计算!$E$200:$E$1199),0) -> 0 | AE15: ☐ | AG15: 医学 | AS15: =MAX(0,MIN(99,IF(AY15="",N(AV15),N(AY15))+N(BB15)+N(BE15))) -> 0 | AV15: 0 | AY15: =IF(职业选项!V43>0,职业选项!V43,"") | BB15: =规则数据!H51 | BE15: =幕间计算!B33+IF(AND(幕间计算!A33<>"",COUNTIF(幕间计算!$A$2:A33,幕间计算!A33)=1),SUMIF(幕间计算!$C$200:$C$1199,幕间计算!A33,幕间计算!$E$200:$E$1199),0) -> 0 | DM15: =IFERROR(INDIRECT(INDEX(规则数据!$C$500:$C$553,MATCH(CZ15,规则数据!$A$500:$A$553,0))),"") | DQ15: =IFERROR(IF(INDEX(规则数据!$D$500:$D$553,MATCH(CZ15,规则数据!$A$500:$A$553,0))="","",INDEX(规则数据!$D$500:$D$553,MATCH(CZ15,规则数据!$A$500:$A$553,0))),"") | DW15: =IFERROR(IF(INDEX(规则数据!$E$500:$E$553,MATCH(CZ15,规则数据!$A$500:$A$553,0))="","",INDEX(规则数据!$E$500:$E$553,MATCH(CZ15,规则数据!$A$500:$A$553,0))),"") | DZ15: =IFERROR(IF(INDEX(规则数据!$F$500:$F$553,MATCH(CZ15,规则数据!$A$500:$A$553,0))="","",INDEX(规则数据!$F$500:$F$553,MATCH(CZ15,规则数据!$A$500:$A$553,0))),"") | ED15: =IFERROR(IF(INDEX(规则数据!$G$500:$G$553,MATCH(CZ15,规则数据!$A$500:$A$553,0))="","",INDEX(规则数据!$G$500:$G$553,MATCH(CZ15,规则数据!$A$500:$A$553,0))),"")
B16: ☐ | D16: 人类学 | P16: =MAX(0,MIN(99,IF(V16="",N(S16),N(V16))+N(Y16)+N(AB16))) -> 0 | S16: 0 | V16: =IF(职业选项!V44>0,职业选项!V44,"") | Y16: =规则数据!H22 | AB16: =幕间计算!B4+IF(AND(幕间计算!A4<>"",COUNTIF(幕间计算!$A$2:A4,幕间计算!A4)=1),SUMIF(幕间计算!$C$200:$C$1199,幕间计算!A4,幕间计算!$E$200:$E$1199),0) -> 0 | AE16: ☐ | AG16: 近战武器 | AS16: =MAX(0,MIN(99,IF(AY16="",N(AV16),N(AY16))+N(BB16)+N(BE16))) -> 30 | AV16: 30 | AY16: =IF(职业选项!V45>0,职业选项!V45,"") | BB16: =规则数据!H52 | BE16: =幕间计算!B34+IF(AND(幕间计算!A34<>"",COUNTIF(幕间计算!$A$2:A34,幕间计算!A34)=1),SUMIF(幕间计算!$C$200:$C$1199,幕间计算!A34,幕间计算!$E$200:$E$1199),0) -> 0 | DM16: =IFERROR(INDIRECT(INDEX(规则数据!$C$500:$C$553,MATCH(CZ16,规则数据!$A$500:$A$553,0))),"") | DQ16: =IFERROR(IF(INDEX(规则数据!$D$500:$D$553,MATCH(CZ16,规则数据!$A$500:$A$553,0))="","",INDEX(规则数据!$D$500:$D$553,MATCH(CZ16,规则数据!$A$500:$A$553,0))),"") | DW16: =IFERROR(IF(INDEX(规则数据!$E$500:$E$553,MATCH(CZ16,规则数据!$A$500:$A$553,0))="","",INDEX(规则数据!$E$500:$E$553,MATCH(CZ16,规则数据!$A$500:$A$553,0))),"") | DZ16: =IFERROR(IF(INDEX(规则数据!$F$500:$F$553,MATCH(CZ16,规则数据!$A$500:$A$553,0))="","",INDEX(规则数据!$F$500:$F$553,MATCH(CZ16,规则数据!$A$500:$A$553,0))),"") | ED16: =IFERROR(IF(INDEX(规则数据!$G$500:$G$553,MATCH(CZ16,规则数据!$A$500:$A$553,0))="","",INDEX(规则数据!$G$500:$G$553,MATCH(CZ16,规则数据!$A$500:$A$553,0))),"") | EI16: ※ 永久伤残、顽疾或成瘾症
B17: ☐ | D17: 考古学 | P17: =MAX(0,MIN(99,IF(V17="",N(S17),N(V17))+N(Y17)+N(AB17))) -> 0 | S17: 0 | V17: =IF(职业选项!V46>0,职业选项!V46,"") | Y17: =规则数据!H23 | AB17: =幕间计算!B5+IF(AND(幕间计算!A5<>"",COUNTIF(幕间计算!$A$2:A5,幕间计算!A5)=1),SUMIF(幕间计算!$C$200:$C$1199,幕间计算!A5,幕间计算!$E$200:$E$1199),0) -> 0 | AE17: ☐ | AG17: 军事科学： | AM17: =IF(COUNTIF(职业选项!$I$2:$I$28,"军事科学1")>0,IFERROR(INDEX(职业选项!$F$2:$F$28,MATCH("军事科学1",职业选项!$I$2:$I$28,0)),""),IFERROR(MID(IFERROR(INDEX(规则数据!$C$2:$C$9,SMALL(规则数据!$AU$2:$AU$9,1-COUNTIF(职业选项!$C$2:$C$28,"军事科学"))),""),LEN("军事科学")+2,LEN(IFERROR(INDEX(规则数据!$C$2:$C$9,SMALL(规则数据!$AU$2:$AU$9,1-COUNTIF(职业选项!$C$2:$C$28,"军事科学"))),""))-LEN("军事科学")-2),"")) | AS17: =MAX(0,MIN(99,IF(AY17="",N(AV17),N(AY17))+N(BB17)+N(BE17))) -> 0 | AV17: 0 | AY17: =IF(职业选项!V47>0,职业选项!V47,"") | BB17: =规则数据!H53 | BE17: =幕间计算!B35+IF(AND(幕间计算!A35<>"",COUNTIF(幕间计算!$A$2:A35,幕间计算!A35)=1),SUMIF(幕间计算!$C$200:$C$1199,幕间计算!A35,幕间计算!$E$200:$E$1199),0) -> 0 | BI17: 人生动力 及 精神疾病 | DM17: =IFERROR(INDIRECT(INDEX(规则数据!$C$500:$C$553,MATCH(CZ17,规则数据!$A$500:$A$553,0))),"") | DQ17: =IFERROR(IF(INDEX(规则数据!$D$500:$D$553,MATCH(CZ17,规则数据!$A$500:$A$553,0))="","",INDEX(规则数据!$D$500:$D$553,MATCH(CZ17,规则数据!$A$500:$A$553,0))),"") | DW17: =IFERROR(IF(INDEX(规则数据!$E$500:$E$553,MATCH(CZ17,规则数据!$A$500:$A$553,0))="","",INDEX(规则数据!$E$500:$E$553,MATCH(CZ17,规则数据!$A$500:$A$553,0))),"") | DZ17: =IFERROR(IF(INDEX(规则数据!$F$500:$F$553,MATCH(CZ17,规则数据!$A$500:$A$553,0))="","",INDEX(规则数据!$F$500:$F$553,MATCH(CZ17,规则数据!$A$500:$A$553,0))),"") | ED17: =IFERROR(IF(INDEX(规则数据!$G$500:$G$553,MATCH(CZ17,规则数据!$A$500:$A$553,0))="","",INDEX(规则数据!$G$500:$G$553,MATCH(CZ17,规则数据!$A$500:$A$553,0))),"")
B18: ☐ | D18: 艺术： | J18: =IF(COUNTIF(职业选项!$I$2:$I$28,"艺术1")>0,IFERROR(INDEX(职业选项!$F$2:$F$28,MATCH("艺术1",职业选项!$I$2:$I$28,0)),""),IFERROR(MID(IFERROR(INDEX(规则数据!$C$2:$C$9,SMALL(规则数据!$AR$2:$AR$9,1-COUNTIF(职业选项!$C$2:$C$28,"艺术"))),""),LEN("艺术")+2,LEN(IFERROR(INDEX(规则数据!$C$2:$C$9,SMALL(规则数据!$AR$2:$AR$9,1-COUNTIF(职业选项!$C$2:$C$28,"艺术"))),""))-LEN("艺术")-2),"")) | P18: =MAX(0,MIN(99,IF(V18="",N(S18),N(V18))+N(Y18)+N(AB18))) -> 0 | S18: 0 | V18: =IF(职业选项!V48>0,职业选项!V48,"") | Y18: =规则数据!H24 | AB18: =幕间计算!B6+IF(AND(幕间计算!A6<>"",COUNTIF(幕间计算!$A$2:A6,幕间计算!A6)=1),SUMIF(幕间计算!$C$200:$C$1199,幕间计算!A6,幕间计算!$E$200:$E$1199),0) -> 0 | AE18: ☐ | AG18: 军事科学： | AM18: =IF(COUNTIF(职业选项!$I$2:$I$28,"军事科学2")>0,IFERROR(INDEX(职业选项!$F$2:$F$28,MATCH("军事科学2",职业选项!$I$2:$I$28,0)),""),IFERROR(MID(IFERROR(INDEX(规则数据!$C$2:$C$9,SMALL(规则数据!$AU$2:$AU$9,2-COUNTIF(职业选项!$C$2:$C$28,"军事科学"))),""),LEN("军事科学")+2,LEN(IFERROR(INDEX(规则数据!$C$2:$C$9,SMALL(规则数据!$AU$2:$AU$9,2-COUNTIF(职业选项!$C$2:$C$28,"军事科学"))),""))-LEN("军事科学")-2),"")) | AS18: =MAX(0,MIN(99,IF(AY18="",N(AV18),N(AY18))+N(BB18)+N(BE18))) -> 0 | AV18: 0 | AY18: =IF(职业选项!V49>0,职业选项!V49,"") | BB18: =规则数据!H54 | BE18: =幕间计算!B36+IF(AND(幕间计算!A36<>"",COUNTIF(幕间计算!$A$2:A36,幕间计算!A36)=1),SUMIF(幕间计算!$C$200:$C$1199,幕间计算!A36,幕间计算!$E$200:$E$1199),0) -> 0 | DM18: =IFERROR(INDIRECT(INDEX(规则数据!$C$500:$C$553,MATCH(CZ18,规则数据!$A$500:$A$553,0))),"") | DQ18: =IFERROR(IF(INDEX(规则数据!$D$500:$D$553,MATCH(CZ18,规则数据!$A$500:$A$553,0))="","",INDEX(规则数据!$D$500:$D$553,MATCH(CZ18,规则数据!$A$500:$A$553,0))),"") | DW18: =IFERROR(IF(INDEX(规则数据!$E$500:$E$553,MATCH(CZ18,规则数据!$A$500:$A$553,0))="","",INDEX(规则数据!$E$500:$E$553,MATCH(CZ18,规则数据!$A$500:$A$553,0))),"") | DZ18: =IFERROR(IF(INDEX(规则数据!$F$500:$F$553,MATCH(CZ18,规则数据!$A$500:$A$553,0))="","",INDEX(规则数据!$F$500:$F$553,MATCH(CZ18,规则数据!$A$500:$A$553,0))),"") | ED18: =IFERROR(IF(INDEX(规则数据!$G$500:$G$553,MATCH(CZ18,规则数据!$A$500:$A$553,0))="","",INDEX(规则数据!$G$500:$G$553,MATCH(CZ18,规则数据!$A$500:$A$553,0))),"")
B19: ☐ | D19: 艺术： | J19: =IF(COUNTIF(职业选项!$I$2:$I$28,"艺术2")>0,IFERROR(INDEX(职业选项!$F$2:$F$28,MATCH("艺术2",职业选项!$I$2:$I$28,0)),""),IFERROR(MID(IFERROR(INDEX(规则数据!$C$2:$C$9,SMALL(规则数据!$AR$2:$AR$9,2-COUNTIF(职业选项!$C$2:$C$28,"艺术"))),""),LEN("艺术")+2,LEN(IFERROR(INDEX(规则数据!$C$2:$C$9,SMALL(规则数据!$AR$2:$AR$9,2-COUNTIF(职业选项!$C$2:$C$28,"艺术"))),""))-LEN("艺术")-2),"")) | P19: =MAX(0,MIN(99,IF(V19="",N(S19),N(V19))+N(Y19)+N(AB19))) -> 0 | S19: 0 | V19: =IF(职业选项!V50>0,职业选项!V50,"") | Y19: =规则数据!H25 | AB19: =幕间计算!B7+IF(AND(幕间计算!A7<>"",COUNTIF(幕间计算!$A$2:A7,幕间计算!A7)=1),SUMIF(幕间计算!$C$200:$C$1199,幕间计算!A7,幕间计算!$E$200:$E$1199),0) -> 0 | AE19: ☐ | AG19: 军事科学： | AM19: =IF(COUNTIF(职业选项!$I$2:$I$28,"军事科学3")>0,IFERROR(INDEX(职业选项!$F$2:$F$28,MATCH("军事科学3",职业选项!$I$2:$I$28,0)),""),IFERROR(MID(IFERROR(INDEX(规则数据!$C$2:$C$9,SMALL(规则数据!$AU$2:$AU$9,3-COUNTIF(职业选项!$C$2:$C$28,"军事科学"))),""),LEN("军事科学")+2,LEN(IFERROR(INDEX(规则数据!$C$2:$C$9,SMALL(规则数据!$AU$2:$AU$9,3-COUNTIF(职业选项!$C$2:$C$28,"军事科学"))),""))-LEN("军事科学")-2),"")) | AS19: =MAX(0,MIN(99,IF(AY19="",N(AV19),N(AY19))+N(BB19)+N(BE19))) -> 0 | AV19: 0 | AY19: =IF(职业选项!V51>0,职业选项!V51,"") | BB19: =规则数据!H55 | BE19: =幕间计算!B37+IF(AND(幕间计算!A37<>"",COUNTIF(幕间计算!$A$2:A37,幕间计算!A37)=1),SUMIF(幕间计算!$C$200:$C$1199,幕间计算!A37,幕间计算!$E$200:$E$1199),0) -> 0 | DM19: =IFERROR(INDIRECT(INDEX(规则数据!$C$500:$C$553,MATCH(CZ19,规则数据!$A$500:$A$553,0))),"") | DQ19: =IFERROR(IF(INDEX(规则数据!$D$500:$D$553,MATCH(CZ19,规则数据!$A$500:$A$553,0))="","",INDEX(规则数据!$D$500:$D$553,MATCH(CZ19,规则数据!$A$500:$A$553,0))),"") | DW19: =IFERROR(IF(INDEX(规则数据!$E$500:$E$553,MATCH(CZ19,规则数据!$A$500:$A$553,0))="","",INDEX(规则数据!$E$500:$E$553,MATCH(CZ19,规则数据!$A$500:$A$553,0))),"") | DZ19: =IFERROR(IF(INDEX(规则数据!$F$500:$F$553,MATCH(CZ19,规则数据!$A$500:$A$553,0))="","",INDEX(规则数据!$F$500:$F$553,MATCH(CZ19,规则数据!$A$500:$A$553,0))),"") | ED19: =IFERROR(IF(INDEX(规则数据!$G$500:$G$553,MATCH(CZ19,规则数据!$A$500:$A$553,0))="","",INDEX(规则数据!$G$500:$G$553,MATCH(CZ19,规则数据!$A$500:$A$553,0))),"")
B20: ☐ | D20: 艺术： | J20: =IF(COUNTIF(职业选项!$I$2:$I$28,"艺术3")>0,IFERROR(INDEX(职业选项!$F$2:$F$28,MATCH("艺术3",职业选项!$I$2:$I$28,0)),""),IFERROR(MID(IFERROR(INDEX(规则数据!$C$2:$C$9,SMALL(规则数据!$AR$2:$AR$9,3-COUNTIF(职业选项!$C$2:$C$28,"艺术"))),""),LEN("艺术")+2,LEN(IFERROR(INDEX(规则数据!$C$2:$C$9,SMALL(规则数据!$AR$2:$AR$9,3-COUNTIF(职业选项!$C$2:$C$28,"艺术"))),""))-LEN("艺术")-2),"")) | P20: =MAX(0,MIN(99,IF(V20="",N(S20),N(V20))+N(Y20)+N(AB20))) -> 0 | S20: 0 | V20: =IF(职业选项!V52>0,职业选项!V52,"") | Y20: =规则数据!H26 | AB20: =幕间计算!B8+IF(AND(幕间计算!A8<>"",COUNTIF(幕间计算!$A$2:A8,幕间计算!A8)=1),SUMIF(幕间计算!$C$200:$C$1199,幕间计算!A8,幕间计算!$E$200:$E$1199),0) -> 0 | AE20: ☐ | AG20: 导航 | AS20: =MAX(0,MIN(99,IF(AY20="",N(AV20),N(AY20))+N(BB20)+N(BE20))) -> 10 | AV20: 10 | AY20: =IF(职业选项!V53>0,职业选项!V53,"") | BB20: =规则数据!H56 | BE20: =幕间计算!B38+IF(AND(幕间计算!A38<>"",COUNTIF(幕间计算!$A$2:A38,幕间计算!A38)=1),SUMIF(幕间计算!$C$200:$C$1199,幕间计算!A38,幕间计算!$E$200:$E$1199),0) -> 0 | DM20: =IFERROR(INDIRECT(INDEX(规则数据!$C$500:$C$553,MATCH(CZ20,规则数据!$A$500:$A$553,0))),"") | DQ20: =IFERROR(IF(INDEX(规则数据!$D$500:$D$553,MATCH(CZ20,规则数据!$A$500:$A$553,0))="","",INDEX(规则数据!$D$500:$D$553,MATCH(CZ20,规则数据!$A$500:$A$553,0))),"") | DW20: =IFERROR(IF(INDEX(规则数据!$E$500:$E$553,MATCH(CZ20,规则数据!$A$500:$A$553,0))="","",INDEX(规则数据!$E$500:$E$553,MATCH(CZ20,规则数据!$A$500:$A$553,0))),"") | DZ20: =IFERROR(IF(INDEX(规则数据!$F$500:$F$553,MATCH(CZ20,规则数据!$A$500:$A$553,0))="","",INDEX(规则数据!$F$500:$F$553,MATCH(CZ20,规则数据!$A$500:$A$553,0))),"") | ED20: =IFERROR(IF(INDEX(规则数据!$G$500:$G$553,MATCH(CZ20,规则数据!$A$500:$A$553,0))="","",INDEX(规则数据!$G$500:$G$553,MATCH(CZ20,规则数据!$A$500:$A$553,0))),"")
B21: ☐ | D21: 炮术 | P21: =MAX(0,MIN(99,IF(V21="",N(S21),N(V21))+N(Y21)+N(AB21))) -> 0 | S21: 0 | V21: =IF(职业选项!V54>0,职业选项!V54,"") | Y21: =规则数据!H27 | AB21: =幕间计算!B9+IF(AND(幕间计算!A9<>"",COUNTIF(幕间计算!$A$2:A9,幕间计算!A9)=1),SUMIF(幕间计算!$C$200:$C$1199,幕间计算!A9,幕间计算!$E$200:$E$1199),0) -> 0 | AE21: ☐ | AG21: 神秘学 | AS21: =MAX(0,MIN(99,IF(AY21="",N(AV21),N(AY21))+N(BB21)+N(BE21))) -> 10 | AV21: 10 | AY21: =IF(职业选项!V55>0,职业选项!V55,"") | BB21: =规则数据!H57 | BE21: =幕间计算!B39+IF(AND(幕间计算!A39<>"",COUNTIF(幕间计算!$A$2:A39,幕间计算!A39)=1),SUMIF(幕间计算!$C$200:$C$1199,幕间计算!A39,幕间计算!$E$200:$E$1199),0) -> 0
B22: ☐ | D22: 运动 | P22: =MAX(0,MIN(99,IF(V22="",N(S22),N(V22))+N(Y22)+N(AB22))) -> 30 | S22: 30 | V22: =IF(职业选项!V56>0,职业选项!V56,"") | Y22: =规则数据!H28 | AB22: =幕间计算!B10+IF(AND(幕间计算!A10<>"",COUNTIF(幕间计算!$A$2:A10,幕间计算!A10)=1),SUMIF(幕间计算!$C$200:$C$1199,幕间计算!A10,幕间计算!$E$200:$E$1199),0) -> 0 | AE22: ☐ | AG22: 说服 | AS22: =MAX(0,MIN(99,IF(AY22="",N(AV22),N(AY22))+N(BB22)+N(BE22))) -> 20 | AV22: 20 | AY22: =IF(职业选项!V57>0,职业选项!V57,"") | BB22: =规则数据!H58 | BE22: =幕间计算!B40+IF(AND(幕间计算!A40<>"",COUNTIF(幕间计算!$A$2:A40,幕间计算!A40)=1),SUMIF(幕间计算!$C$200:$C$1199,幕间计算!A40,幕间计算!$E$200:$E$1199),0) -> 0 | CZ22: ※ 重要关系 | DT22: 关系数： | DX22: =COUNTIF(ED24,">0")+COUNTIF(ED27,">0")+COUNTIF(ED30,">0")+COUNTIF(ED33,">0")+COUNTIF(ED36,">0")+COUNTIF(ED39,">0")+COUNTIF(ED42,">0") -> 0 | EC22: 魅力： | EF22: =附表!B7 -> 0 | EI22: ※ 其他笔记
B23: ☐ | D23: 行政 | P23: =MAX(0,MIN(99,IF(V23="",N(S23),N(V23))+N(Y23)+N(AB23))) -> 10 | S23: 10 | V23: =IF(职业选项!V58>0,职业选项!V58,"") | Y23: =规则数据!H29 | AB23: =幕间计算!B11+IF(AND(幕间计算!A11<>"",COUNTIF(幕间计算!$A$2:A11,幕间计算!A11)=1),SUMIF(幕间计算!$C$200:$C$1199,幕间计算!A11,幕间计算!$E$200:$E$1199),0) -> 0 | AE23: ☐ | AG23: 药学 | AS23: =MAX(0,MIN(99,IF(AY23="",N(AV23),N(AY23))+N(BB23)+N(BE23))) -> 0 | AV23: 0 | AY23: =IF(职业选项!V59>0,职业选项!V59,"") | BB23: =规则数据!H59 | BE23: =幕间计算!B41+IF(AND(幕间计算!A41<>"",COUNTIF(幕间计算!$A$2:A41,幕间计算!A41)=1),SUMIF(幕间计算!$C$200:$C$1199,幕间计算!A41,幕间计算!$E$200:$E$1199),0) -> 0 | CZ23: 父母或祖父母之一 | ED23: 值 | EF23: DG
B24: ☐ | D24: 计算机科学 | P24: =MAX(0,MIN(99,IF(V24="",N(S24),N(V24))+N(Y24)+N(AB24))) -> 0 | S24: 0 | V24: =IF(职业选项!V60>0,职业选项!V60,"") | Y24: =规则数据!H30 | AB24: =幕间计算!B12+IF(AND(幕间计算!A12<>"",COUNTIF(幕间计算!$A$2:A12,幕间计算!A12)=1),SUMIF(幕间计算!$C$200:$C$1199,幕间计算!A12,幕间计算!$E$200:$E$1199),0) -> 0 | AE24: ☐ | AG24: 特种载具： | AM24: =IF(COUNTIF(职业选项!$I$2:$I$28,"特种载具1")>0,IFERROR(INDEX(职业选项!$F$2:$F$28,MATCH("特种载具1",职业选项!$I$2:$I$28,0)),""),IFERROR(MID(IFERROR(INDEX(规则数据!$C$2:$C$9,SMALL(规则数据!$AV$2:$AV$9,1-COUNTIF(职业选项!$C$2:$C$28,"特种载具"))),""),LEN("特种载具")+2,LEN(IFERROR(INDEX(规则数据!$C$2:$C$9,SMALL(规则数据!$AV$2:$AV$9,1-COUNTIF(职业选项!$C$2:$C$28,"特种载具"))),""))-LEN("特种载具")-2),"")) | AS24: =MAX(0,MIN(99,IF(AY24="",N(AV24),N(AY24))+N(BB24)+N(BE24))) -> 0 | AV24: 0 | AY24: =IF(职业选项!V61>0,职业选项!V61,"") | BB24: =规则数据!H60 | BE24: =幕间计算!B42+IF(AND(幕间计算!A42<>"",COUNTIF(幕间计算!$A$2:A42,幕间计算!A42)=1),SUMIF(幕间计算!$C$200:$C$1199,幕间计算!A42,幕间计算!$E$200:$E$1199),0) -> 0 | ED24: =IF(CZ23="","",幕间计算!BQ1199) -> 0 | EF24: ×
B25: ☐ | D25: 工艺： | J25: =IF(COUNTIF(职业选项!$I$2:$I$28,"工艺1")>0,IFERROR(INDEX(职业选项!$F$2:$F$28,MATCH("工艺1",职业选项!$I$2:$I$28,0)),""),IFERROR(MID(IFERROR(INDEX(规则数据!$C$2:$C$9,SMALL(规则数据!$AS$2:$AS$9,1-COUNTIF(职业选项!$C$2:$C$28,"工艺"))),""),LEN("工艺")+2,LEN(IFERROR(INDEX(规则数据!$C$2:$C$9,SMALL(规则数据!$AS$2:$AS$9,1-COUNTIF(职业选项!$C$2:$C$28,"工艺"))),""))-LEN("工艺")-2),"")) | P25: =MAX(0,MIN(99,IF(V25="",N(S25),N(V25))+N(Y25)+N(AB25))) -> 0 | S25: 0 | V25: =IF(职业选项!V62>0,职业选项!V62,"") | Y25: =规则数据!H31 | AB25: =幕间计算!B13+IF(AND(幕间计算!A13<>"",COUNTIF(幕间计算!$A$2:A13,幕间计算!A13)=1),SUMIF(幕间计算!$C$200:$C$1199,幕间计算!A13,幕间计算!$E$200:$E$1199),0) -> 0 | AE25: ☐ | AG25: 特种载具： | AM25: =IF(COUNTIF(职业选项!$I$2:$I$28,"特种载具2")>0,IFERROR(INDEX(职业选项!$F$2:$F$28,MATCH("特种载具2",职业选项!$I$2:$I$28,0)),""),IFERROR(MID(IFERROR(INDEX(规则数据!$C$2:$C$9,SMALL(规则数据!$AV$2:$AV$9,2-COUNTIF(职业选项!$C$2:$C$28,"特种载具"))),""),LEN("特种载具")+2,LEN(IFERROR(INDEX(规则数据!$C$2:$C$9,SMALL(规则数据!$AV$2:$AV$9,2-COUNTIF(职业选项!$C$2:$C$28,"特种载具"))),""))-LEN("特种载具")-2),"")) | AS25: =MAX(0,MIN(99,IF(AY25="",N(AV25),N(AY25))+N(BB25)+N(BE25))) -> 0 | AV25: 0 | AY25: =IF(职业选项!V63>0,职业选项!V63,"") | BB25: =规则数据!H61 | BE25: =幕间计算!B43+IF(AND(幕间计算!A43<>"",COUNTIF(幕间计算!$A$2:A43,幕间计算!A43)=1),SUMIF(幕间计算!$C$200:$C$1199,幕间计算!A43,幕间计算!$E$200:$E$1199),0) -> 0
B26: ☐ | D26: 工艺： | J26: =IF(COUNTIF(职业选项!$I$2:$I$28,"工艺2")>0,IFERROR(INDEX(职业选项!$F$2:$F$28,MATCH("工艺2",职业选项!$I$2:$I$28,0)),""),IFERROR(MID(IFERROR(INDEX(规则数据!$C$2:$C$9,SMALL(规则数据!$AS$2:$AS$9,2-COUNTIF(职业选项!$C$2:$C$28,"工艺"))),""),LEN("工艺")+2,LEN(IFERROR(INDEX(规则数据!$C$2:$C$9,SMALL(规则数据!$AS$2:$AS$9,2-COUNTIF(职业选项!$C$2:$C$28,"工艺"))),""))-LEN("工艺")-2),"")) | P26: =MAX(0,MIN(99,IF(V26="",N(S26),N(V26))+N(Y26)+N(AB26))) -> 0 | S26: 0 | V26: =IF(职业选项!V64>0,职业选项!V64,"") | Y26: =规则数据!H32 | AB26: =幕间计算!B14+IF(AND(幕间计算!A14<>"",COUNTIF(幕间计算!$A$2:A14,幕间计算!A14)=1),SUMIF(幕间计算!$C$200:$C$1199,幕间计算!A14,幕间计算!$E$200:$E$1199),0) -> 0 | AE26: ☐ | AG26: 特种载具： | AM26: =IF(COUNTIF(职业选项!$I$2:$I$28,"特种载具3")>0,IFERROR(INDEX(职业选项!$F$2:$F$28,MATCH("特种载具3",职业选项!$I$2:$I$28,0)),""),IFERROR(MID(IFERROR(INDEX(规则数据!$C$2:$C$9,SMALL(规则数据!$AV$2:$AV$9,3-COUNTIF(职业选项!$C$2:$C$28,"特种载具"))),""),LEN("特种载具")+2,LEN(IFERROR(INDEX(规则数据!$C$2:$C$9,SMALL(规则数据!$AV$2:$AV$9,3-COUNTIF(职业选项!$C$2:$C$28,"特种载具"))),""))-LEN("特种载具")-2),"")) | AS26: =MAX(0,MIN(99,IF(AY26="",N(AV26),N(AY26))+N(BB26)+N(BE26))) -> 0 | AV26: 0 | AY26: =IF(职业选项!V65>0,职业选项!V65,"") | BB26: =规则数据!H62 | BE26: =幕间计算!B44+IF(AND(幕间计算!A44<>"",COUNTIF(幕间计算!$A$2:A44,幕间计算!A44)=1),SUMIF(幕间计算!$C$200:$C$1199,幕间计算!A44,幕间计算!$E$200:$E$1199),0) -> 0 | CZ26: 儿子或女儿 | ED26: 值 | EF26: DG
B27: ☐ | D27: 工艺： | J27: =IF(COUNTIF(职业选项!$I$2:$I$28,"工艺3")>0,IFERROR(INDEX(职业选项!$F$2:$F$28,MATCH("工艺3",职业选项!$I$2:$I$28,0)),""),IFERROR(MID(IFERROR(INDEX(规则数据!$C$2:$C$9,SMALL(规则数据!$AS$2:$AS$9,3-COUNTIF(职业选项!$C$2:$C$28,"工艺"))),""),LEN("工艺")+2,LEN(IFERROR(INDEX(规则数据!$C$2:$C$9,SMALL(规则数据!$AS$2:$AS$9,3-COUNTIF(职业选项!$C$2:$C$28,"工艺"))),""))-LEN("工艺")-2),"")) | P27: =MAX(0,MIN(99,IF(V27="",N(S27),N(V27))+N(Y27)+N(AB27))) -> 0 | S27: 0 | V27: =IF(职业选项!V66>0,职业选项!V66,"") | Y27: =规则数据!H33 | AB27: =幕间计算!B15+IF(AND(幕间计算!A15<>"",COUNTIF(幕间计算!$A$2:A15,幕间计算!A15)=1),SUMIF(幕间计算!$C$200:$C$1199,幕间计算!A15,幕间计算!$E$200:$E$1199),0) -> 0 | AE27: ☐ | AG27: 精神治疗 | AS27: =MAX(0,MIN(99,IF(AY27="",N(AV27),N(AY27))+N(BB27)+N(BE27))) -> 10 | AV27: 10 | AY27: =IF(职业选项!V67>0,职业选项!V67,"") | BB27: =规则数据!H63 | BE27: =幕间计算!B45+IF(AND(幕间计算!A45<>"",COUNTIF(幕间计算!$A$2:A45,幕间计算!A45)=1),SUMIF(幕间计算!$C$200:$C$1199,幕间计算!A45,幕间计算!$E$200:$E$1199),0) -> 0 | BN27: =规则数据!S10&IF(AND(DF46="人类不应知道之事",DR55<>""),IF(规则数据!S10<>"",CHAR(10),"")&"创伤心理疾病："&DR55,"") | ED27: =IF(CZ26="","",幕间计算!BR1199) -> 0 | EF27: ×
B28: ☐ | D28: 工艺： | J28: =IF(COUNTIF(职业选项!$I$2:$I$28,"工艺4")>0,IFERROR(INDEX(职业选项!$F$2:$F$28,MATCH("工艺4",职业选项!$I$2:$I$28,0)),""),IFERROR(MID(IFERROR(INDEX(规则数据!$C$2:$C$9,SMALL(规则数据!$AS$2:$AS$9,4-COUNTIF(职业选项!$C$2:$C$28,"工艺"))),""),LEN("工艺")+2,LEN(IFERROR(INDEX(规则数据!$C$2:$C$9,SMALL(规则数据!$AS$2:$AS$9,4-COUNTIF(职业选项!$C$2:$C$28,"工艺"))),""))-LEN("工艺")-2),"")) | P28: =MAX(0,MIN(99,IF(V28="",N(S28),N(V28))+N(Y28)+N(AB28))) -> 0 | S28: 0 | V28: =IF(职业选项!V68>0,职业选项!V68,"") | Y28: =规则数据!H34 | AB28: =幕间计算!B16+IF(AND(幕间计算!A16<>"",COUNTIF(幕间计算!$A$2:A16,幕间计算!A16)=1),SUMIF(幕间计算!$C$200:$C$1199,幕间计算!A16,幕间计算!$E$200:$E$1199),0) -> 0 | AE28: ☐ | AG28: 骑术 | AS28: =MAX(0,MIN(99,IF(AY28="",N(AV28),N(AY28))+N(BB28)+N(BE28))) -> 10 | AV28: 10 | AY28: =IF(职业选项!V69>0,职业选项!V69,"") | BB28: =规则数据!H64 | BE28: =幕间计算!B46+IF(AND(幕间计算!A46<>"",COUNTIF(幕间计算!$A$2:A46,幕间计算!A46)=1),SUMIF(幕间计算!$C$200:$C$1199,幕间计算!A46,幕间计算!$E$200:$E$1199),0) -> 0
B29: ☐ | D29: 犯罪学 | P29: =MAX(0,MIN(99,IF(V29="",N(S29),N(V29))+N(Y29)+N(AB29))) -> 10 | S29: 10 | V29: =IF(职业选项!V70>0,职业选项!V70,"") | Y29: =规则数据!H35 | AB29: =幕间计算!B17+IF(AND(幕间计算!A17<>"",COUNTIF(幕间计算!$A$2:A17,幕间计算!A17)=1),SUMIF(幕间计算!$C$200:$C$1199,幕间计算!A17,幕间计算!$E$200:$E$1199),0) -> 0 | AE29: ☐ | AG29: 科学： | AM29: =IF(COUNTIF(职业选项!$I$2:$I$28,"科学1")>0,IFERROR(INDEX(职业选项!$F$2:$F$28,MATCH("科学1",职业选项!$I$2:$I$28,0)),""),IFERROR(MID(IFERROR(INDEX(规则数据!$C$2:$C$9,SMALL(规则数据!$AW$2:$AW$9,1-COUNTIF(职业选项!$C$2:$C$28,"科学"))),""),LEN("科学")+2,LEN(IFERROR(INDEX(规则数据!$C$2:$C$9,SMALL(规则数据!$AW$2:$AW$9,1-COUNTIF(职业选项!$C$2:$C$28,"科学"))),""))-LEN("科学")-2),"")) | AS29: =MAX(0,MIN(99,IF(AY29="",N(AV29),N(AY29))+N(BB29)+N(BE29))) -> 0 | AV29: 0 | AY29: =IF(职业选项!V71>0,职业选项!V71,"") | BB29: =规则数据!H65 | BE29: =幕间计算!B47+IF(AND(幕间计算!A47<>"",COUNTIF(幕间计算!$A$2:A47,幕间计算!A47)=1),SUMIF(幕间计算!$C$200:$C$1199,幕间计算!A47,幕间计算!$E$200:$E$1199),0) -> 0 | CZ29: 父母或祖父母之一 | ED29: 值 | EF29: DG
B30: ☐ | D30: 爆破 | P30: =MAX(0,MIN(99,IF(V30="",N(S30),N(V30))+N(Y30)+N(AB30))) -> 0 | S30: 0 | V30: =IF(职业选项!V72>0,职业选项!V72,"") | Y30: =规则数据!H36 | AB30: =幕间计算!B18+IF(AND(幕间计算!A18<>"",COUNTIF(幕间计算!$A$2:A18,幕间计算!A18)=1),SUMIF(幕间计算!$C$200:$C$1199,幕间计算!A18,幕间计算!$E$200:$E$1199),0) -> 0 | AE30: ☐ | AG30: 科学： | AM30: =IF(COUNTIF(职业选项!$I$2:$I$28,"科学2")>0,IFERROR(INDEX(职业选项!$F$2:$F$28,MATCH("科学2",职业选项!$I$2:$I$28,0)),""),IFERROR(MID(IFERROR(INDEX(规则数据!$C$2:$C$9,SMALL(规则数据!$AW$2:$AW$9,2-COUNTIF(职业选项!$C$2:$C$28,"科学"))),""),LEN("科学")+2,LEN(IFERROR(INDEX(规则数据!$C$2:$C$9,SMALL(规则数据!$AW$2:$AW$9,2-COUNTIF(职业选项!$C$2:$C$28,"科学"))),""))-LEN("科学")-2),"")) | AS30: =MAX(0,MIN(99,IF(AY30="",N(AV30),N(AY30))+N(BB30)+N(BE30))) -> 0 | AV30: 0 | AY30: =IF(职业选项!V73>0,职业选项!V73,"") | BB30: =规则数据!H66 | BE30: =幕间计算!B48+IF(AND(幕间计算!A48<>"",COUNTIF(幕间计算!$A$2:A48,幕间计算!A48)=1),SUMIF(幕间计算!$C$200:$C$1199,幕间计算!A48,幕间计算!$E$200:$E$1199),0) -> 0 | ED30: =IF(CZ29="","",幕间计算!BS1199) -> 0 | EF30: ×
B31: ☐ | D31: 乔装 | P31: =MAX(0,MIN(99,IF(V31="",N(S31),N(V31))+N(Y31)+N(AB31))) -> 10 | S31: 10 | V31: =IF(职业选项!V74>0,职业选项!V74,"") | Y31: =规则数据!H37 | AB31: =幕间计算!B19+IF(AND(幕间计算!A19<>"",COUNTIF(幕间计算!$A$2:A19,幕间计算!A19)=1),SUMIF(幕间计算!$C$200:$C$1199,幕间计算!A19,幕间计算!$E$200:$E$1199),0) -> 0 | AE31: ☐ | AG31: 科学： | AM31: =IF(COUNTIF(职业选项!$I$2:$I$28,"科学3")>0,IFERROR(INDEX(职业选项!$F$2:$F$28,MATCH("科学3",职业选项!$I$2:$I$28,0)),""),IFERROR(MID(IFERROR(INDEX(规则数据!$C$2:$C$9,SMALL(规则数据!$AW$2:$AW$9,3-COUNTIF(职业选项!$C$2:$C$28,"科学"))),""),LEN("科学")+2,LEN(IFERROR(INDEX(规则数据!$C$2:$C$9,SMALL(规则数据!$AW$2:$AW$9,3-COUNTIF(职业选项!$C$2:$C$28,"科学"))),""))-LEN("科学")-2),"")) | AS31: =MAX(0,MIN(99,IF(AY31="",N(AV31),N(AY31))+N(BB31)+N(BE31))) -> 0 | AV31: 0 | AY31: =IF(职业选项!V75>0,职业选项!V75,"") | BB31: =规则数据!H67 | BE31: =幕间计算!B49+IF(AND(幕间计算!A49<>"",COUNTIF(幕间计算!$A$2:A49,幕间计算!A49)=1),SUMIF(幕间计算!$C$200:$C$1199,幕间计算!A49,幕间计算!$E$200:$E$1199),0) -> 0
B32: ☐ | D32: 闪避 | P32: =MAX(0,MIN(99,IF(V32="",N(S32),N(V32))+N(Y32)+N(AB32))) -> 30 | S32: 30 | V32: =IF(职业选项!V76>0,职业选项!V76,"") | Y32: =规则数据!H38 | AB32: =幕间计算!B20+IF(AND(幕间计算!A20<>"",COUNTIF(幕间计算!$A$2:A20,幕间计算!A20)=1),SUMIF(幕间计算!$C$200:$C$1199,幕间计算!A20,幕间计算!$E$200:$E$1199),0) -> 0 | AE32: ☐ | AG32: 搜寻 | AS32: =MAX(0,MIN(99,IF(AY32="",N(AV32),N(AY32))+N(BB32)+N(BE32))) -> 20 | AV32: 20 | AY32: =IF(职业选项!V77>0,职业选项!V77,"") | BB32: =规则数据!H68 | BE32: =幕间计算!B50+IF(AND(幕间计算!A50<>"",COUNTIF(幕间计算!$A$2:A50,幕间计算!A50)=1),SUMIF(幕间计算!$C$200:$C$1199,幕间计算!A50,幕间计算!$E$200:$E$1199),0) -> 0 | ED32: 值 | EF32: DG
B33: ☐ | D33: 机动车驾驶 | P33: =MAX(0,MIN(99,IF(V33="",N(S33),N(V33))+N(Y33)+N(AB33))) -> 20 | S33: 20 | V33: =IF(职业选项!V78>0,职业选项!V78,"") | Y33: =规则数据!H39 | AB33: =幕间计算!B21+IF(AND(幕间计算!A21<>"",COUNTIF(幕间计算!$A$2:A21,幕间计算!A21)=1),SUMIF(幕间计算!$C$200:$C$1199,幕间计算!A21,幕间计算!$E$200:$E$1199),0) -> 0 | AE33: ☐ | AG33: 信号情报 | AS33: =MAX(0,MIN(99,IF(AY33="",N(AV33),N(AY33))+N(BB33)+N(BE33))) -> 0 | AV33: 0 | AY33: =IF(职业选项!V79>0,职业选项!V79,"") | BB33: =规则数据!H69 | BE33: =幕间计算!B51+IF(AND(幕间计算!A51<>"",COUNTIF(幕间计算!$A$2:A51,幕间计算!A51)=1),SUMIF(幕间计算!$C$200:$C$1199,幕间计算!A51,幕间计算!$E$200:$E$1199),0) -> 0 | ED33: =IF(CZ32="","",幕间计算!BT1199) | EF33: ×
B34: ☐ | D34: 射击 | P34: =MAX(0,MIN(99,IF(V34="",N(S34),N(V34))+N(Y34)+N(AB34))) -> 20 | S34: 20 | V34: =IF(职业选项!V80>0,职业选项!V80,"") | Y34: =规则数据!H40 | AB34: =幕间计算!B22+IF(AND(幕间计算!A22<>"",COUNTIF(幕间计算!$A$2:A22,幕间计算!A22)=1),SUMIF(幕间计算!$C$200:$C$1199,幕间计算!A22,幕间计算!$E$200:$E$1199),0) -> 0 | AE34: ☐ | AG34: 潜藏 | AS34: =MAX(0,MIN(99,IF(AY34="",N(AV34),N(AY34))+N(BB34)+N(BE34))) -> 10 | AV34: 10 | AY34: =IF(职业选项!V81>0,职业选项!V81,"") | BB34: =规则数据!H70 | BE34: =幕间计算!B52+IF(AND(幕间计算!A52<>"",COUNTIF(幕间计算!$A$2:A52,幕间计算!A52)=1),SUMIF(幕间计算!$C$200:$C$1199,幕间计算!A52,幕间计算!$E$200:$E$1199),0) -> 0
B35: ☐ | D35: 急救 | P35: =MAX(0,MIN(99,IF(V35="",N(S35),N(V35))+N(Y35)+N(AB35))) -> 10 | S35: 10 | V35: =IF(职业选项!V82>0,职业选项!V82,"") | Y35: =规则数据!H41 | AB35: =幕间计算!B23+IF(AND(幕间计算!A23<>"",COUNTIF(幕间计算!$A$2:A23,幕间计算!A23)=1),SUMIF(幕间计算!$C$200:$C$1199,幕间计算!A23,幕间计算!$E$200:$E$1199),0) -> 0 | AE35: ☐ | AG35: 手术 | AS35: =MAX(0,MIN(99,IF(AY35="",N(AV35),N(AY35))+N(BB35)+N(BE35))) -> 0 | AV35: 0 | AY35: =IF(职业选项!V83>0,职业选项!V83,"") | BB35: =规则数据!H71 | BE35: =幕间计算!B53+IF(AND(幕间计算!A53<>"",COUNTIF(幕间计算!$A$2:A53,幕间计算!A53)=1),SUMIF(幕间计算!$C$200:$C$1199,幕间计算!A53,幕间计算!$E$200:$E$1199),0) -> 0 | ED35: 值 | EF35: DG
B36: ☐ | D36: 外语： | J36: =IF(COUNTIF(职业选项!$I$2:$I$28,"外语1")>0,IFERROR(INDEX(职业选项!$F$2:$F$28,MATCH("外语1",职业选项!$I$2:$I$28,0)),""),IFERROR(MID(IFERROR(INDEX(规则数据!$C$2:$C$9,SMALL(规则数据!$AT$2:$AT$9,1-COUNTIF(职业选项!$C$2:$C$28,"外语"))),""),LEN("外语")+2,LEN(IFERROR(INDEX(规则数据!$C$2:$C$9,SMALL(规则数据!$AT$2:$AT$9,1-COUNTIF(职业选项!$C$2:$C$28,"外语"))),""))-LEN("外语")-2),"")) | P36: =MAX(0,MIN(99,IF(V36="",N(S36),N(V36))+N(Y36)+N(AB36))) -> 0 | S36: 0 | V36: =IF(职业选项!V84>0,职业选项!V84,"") | Y36: =规则数据!H42 | AB36: =幕间计算!B24+IF(AND(幕间计算!A24<>"",COUNTIF(幕间计算!$A$2:A24,幕间计算!A24)=1),SUMIF(幕间计算!$C$200:$C$1199,幕间计算!A24,幕间计算!$E$200:$E$1199),0) -> 0 | AE36: ☐ | AG36: 生存 | AS36: =MAX(0,MIN(99,IF(AY36="",N(AV36),N(AY36))+N(BB36)+N(BE36))) -> 10 | AV36: 10 | AY36: =IF(职业选项!V85>0,职业选项!V85,"") | BB36: =规则数据!H72 | BE36: =幕间计算!B54+IF(AND(幕间计算!A54<>"",COUNTIF(幕间计算!$A$2:A54,幕间计算!A54)=1),SUMIF(幕间计算!$C$200:$C$1199,幕间计算!A54,幕间计算!$E$200:$E$1199),0) -> 0 | ED36: =IF(CZ35="","",幕间计算!BU1199) | EF36: ×
B37: ☐ | D37: 外语： | J37: =IF(COUNTIF(职业选项!$I$2:$I$28,"外语2")>0,IFERROR(INDEX(职业选项!$F$2:$F$28,MATCH("外语2",职业选项!$I$2:$I$28,0)),""),IFERROR(MID(IFERROR(INDEX(规则数据!$C$2:$C$9,SMALL(规则数据!$AT$2:$AT$9,2-COUNTIF(职业选项!$C$2:$C$28,"外语"))),""),LEN("外语")+2,LEN(IFERROR(INDEX(规则数据!$C$2:$C$9,SMALL(规则数据!$AT$2:$AT$9,2-COUNTIF(职业选项!$C$2:$C$28,"外语"))),""))-LEN("外语")-2),"")) | P37: =MAX(0,MIN(99,IF(V37="",N(S37),N(V37))+N(Y37)+N(AB37))) -> 0 | S37: 0 | V37: =IF(职业选项!V86>0,职业选项!V86,"") | Y37: =规则数据!H43 | AB37: =幕间计算!B25+IF(AND(幕间计算!A25<>"",COUNTIF(幕间计算!$A$2:A25,幕间计算!A25)=1),SUMIF(幕间计算!$C$200:$C$1199,幕间计算!A25,幕间计算!$E$200:$E$1199),0) -> 0 | AE37: ☐ | AG37: 游泳 | AS37: =MAX(0,MIN(99,IF(AY37="",N(AV37),N(AY37))+N(BB37)+N(BE37))) -> 20 | AV37: 20 | AY37: =IF(职业选项!V87>0,职业选项!V87,"") | BB37: =规则数据!H73 | BE37: =幕间计算!B55+IF(AND(幕间计算!A55<>"",COUNTIF(幕间计算!$A$2:A55,幕间计算!A55)=1),SUMIF(幕间计算!$C$200:$C$1199,幕间计算!A55,幕间计算!$E$200:$E$1199),0) -> 0
B38: ☐ | D38: 外语： | J38: =IF(COUNTIF(职业选项!$I$2:$I$28,"外语3")>0,IFERROR(INDEX(职业选项!$F$2:$F$28,MATCH("外语3",职业选项!$I$2:$I$28,0)),""),IFERROR(MID(IFERROR(INDEX(规则数据!$C$2:$C$9,SMALL(规则数据!$AT$2:$AT$9,3-COUNTIF(职业选项!$C$2:$C$28,"外语"))),""),LEN("外语")+2,LEN(IFERROR(INDEX(规则数据!$C$2:$C$9,SMALL(规则数据!$AT$2:$AT$9,3-COUNTIF(职业选项!$C$2:$C$28,"外语"))),""))-LEN("外语")-2),"")) | P38: =MAX(0,MIN(99,IF(V38="",N(S38),N(V38))+N(Y38)+N(AB38))) -> 0 | S38: 0 | V38: =IF(职业选项!V88>0,职业选项!V88,"") | Y38: =规则数据!H44 | AB38: =幕间计算!B26+IF(AND(幕间计算!A26<>"",COUNTIF(幕间计算!$A$2:A26,幕间计算!A26)=1),SUMIF(幕间计算!$C$200:$C$1199,幕间计算!A26,幕间计算!$E$200:$E$1199),0) -> 0 | AE38: ☐ | AG38: 徒手搏斗 | AS38: =MAX(0,MIN(99,IF(AY38="",N(AV38),N(AY38))+N(BB38)+N(BE38))) -> 40 | AV38: 40 | AY38: =IF(职业选项!V89>0,职业选项!V89,"") | BB38: =规则数据!H74 | BE38: =幕间计算!B56+IF(AND(幕间计算!A56<>"",COUNTIF(幕间计算!$A$2:A56,幕间计算!A56)=1),SUMIF(幕间计算!$C$200:$C$1199,幕间计算!A56,幕间计算!$E$200:$E$1199),0) -> 0 | ED38: 值 | EF38: DG
B39: ☐ | D39: 法证学 | P39: =MAX(0,MIN(99,IF(V39="",N(S39),N(V39))+N(Y39)+N(AB39))) -> 0 | S39: 0 | V39: =IF(职业选项!V90>0,职业选项!V90,"") | Y39: =规则数据!H45 | AB39: =幕间计算!B27+IF(AND(幕间计算!A27<>"",COUNTIF(幕间计算!$A$2:A27,幕间计算!A27)=1),SUMIF(幕间计算!$C$200:$C$1199,幕间计算!A27,幕间计算!$E$200:$E$1199),0) -> 0 | AE39: ☐ | AG39: 非自然知识 | AS39: =MAX(0,MIN(99,N(BB39)+N(BE39))) -> 0 | AV39: 0 | AY39: — | BB39: =IF(DF46="人类不应知道之事",10,0) -> 0 | BE39: =幕间计算!B57+IF(AND(幕间计算!A57<>"",COUNTIF(幕间计算!$A$2:A57,幕间计算!A57)=1),SUMIF(幕间计算!$C$200:$C$1199,幕间计算!A57,幕间计算!$E$200:$E$1199),0) -> 0 | ED39: =IF(CZ38="","",幕间计算!BV1199) | EF39: ×
B40: ☐ | D40: 重型机械 | P40: =MAX(0,MIN(99,IF(V40="",N(S40),N(V40))+N(Y40)+N(AB40))) -> 10 | S40: 10 | V40: =IF(职业选项!V91>0,职业选项!V91,"") | Y40: =规则数据!H46 | AB40: =幕间计算!B28+IF(AND(幕间计算!A28<>"",COUNTIF(幕间计算!$A$2:A28,幕间计算!A28)=1),SUMIF(幕间计算!$C$200:$C$1199,幕间计算!A28,幕间计算!$E$200:$E$1199),0) -> 0 | AE40: ☐ | AG40: =IFERROR(INDEX(规则数据!$C$2:$C$9,SMALL(规则数据!$AX$2:$AX$9,1)),"") | AS40: =MAX(0,MIN(99,IF(AY40="",N(AV40),N(AY40))+N(BB40)+N(BE40))) -> 0 | BB40: =规则数据!H75 | BE40: =幕间计算!B58+IF(AND(幕间计算!A58<>"",COUNTIF(幕间计算!$A$2:A58,幕间计算!A58)=1),SUMIF(幕间计算!$C$200:$C$1199,幕间计算!A58,幕间计算!$E$200:$E$1199),0) -> 0
B41: ☐ | D41: 重型武器 | P41: =MAX(0,MIN(99,IF(V41="",N(S41),N(V41))+N(Y41)+N(AB41))) -> 0 | S41: 0 | V41: =IF(职业选项!V92>0,职业选项!V92,"") | Y41: =规则数据!H47 | AB41: =幕间计算!B29+IF(AND(幕间计算!A29<>"",COUNTIF(幕间计算!$A$2:A29,幕间计算!A29)=1),SUMIF(幕间计算!$C$200:$C$1199,幕间计算!A29,幕间计算!$E$200:$E$1199),0) -> 0 | AE41: ☐ | AG41: =IFERROR(INDEX(规则数据!$C$2:$C$9,SMALL(规则数据!$AX$2:$AX$9,2)),"") | AS41: =MAX(0,MIN(99,IF(AY41="",N(AV41),N(AY41))+N(BB41)+N(BE41))) -> 0 | BB41: =规则数据!H76 | BE41: =幕间计算!B59+IF(AND(幕间计算!A59<>"",COUNTIF(幕间计算!$A$2:A59,幕间计算!A59)=1),SUMIF(幕间计算!$C$200:$C$1199,幕间计算!A59,幕间计算!$E$200:$E$1199),0) -> 0 | ED41: 值 | EF41: DG
B42: ☐ | D42: 历史 | P42: =MAX(0,MIN(99,IF(V42="",N(S42),N(V42))+N(Y42)+N(AB42))) -> 10 | S42: 10 | V42: =IF(职业选项!V93>0,职业选项!V93,"") | Y42: =规则数据!H48 | AB42: =幕间计算!B30+IF(AND(幕间计算!A30<>"",COUNTIF(幕间计算!$A$2:A30,幕间计算!A30)=1),SUMIF(幕间计算!$C$200:$C$1199,幕间计算!A30,幕间计算!$E$200:$E$1199),0) -> 0 | AE42: ☐ | AG42: =IFERROR(INDEX(规则数据!$C$2:$C$9,SMALL(规则数据!$AX$2:$AX$9,3)),"") | AS42: =MAX(0,MIN(99,IF(AY42="",N(AV42),N(AY42))+N(BB42)+N(BE42))) -> 0 | BB42: =规则数据!H77 | BE42: =幕间计算!B60+IF(AND(幕间计算!A60<>"",COUNTIF(幕间计算!$A$2:A60,幕间计算!A60)=1),SUMIF(幕间计算!$C$200:$C$1199,幕间计算!A60,幕间计算!$E$200:$E$1199),0) -> 0 | ED42: =IF(CZ41="","",幕间计算!BW1199) | EF42: ×
B43: ☐ | D43: 人源情报 | P43: =MAX(0,MIN(99,IF(V43="",N(S43),N(V43))+N(Y43)+N(AB43))) -> 10 | S43: 10 | V43: =IF(职业选项!V94>0,职业选项!V94,"") | Y43: =规则数据!H49 | AB43: =幕间计算!B31+IF(AND(幕间计算!A31<>"",COUNTIF(幕间计算!$A$2:A31,幕间计算!A31)=1),SUMIF(幕间计算!$C$200:$C$1199,幕间计算!A31,幕间计算!$E$200:$E$1199),0) -> 0 | AE43: ☐ | AG43: =IFERROR(INDEX(规则数据!$C$2:$C$9,SMALL(规则数据!$AX$2:$AX$9,4)),"") | AS43: =MAX(0,MIN(99,IF(AY43="",N(AV43),N(AY43))+N(BB43)+N(BE43))) -> 0 | BB43: =规则数据!H78 | BE43: =幕间计算!B61+IF(AND(幕间计算!A61<>"",COUNTIF(幕间计算!$A$2:A61,幕间计算!A61)=1),SUMIF(幕间计算!$C$200:$C$1199,幕间计算!A61,幕间计算!$E$200:$E$1199),0) -> 0
B46: 职业模板： | H46: （创建新职业） | BN46: 可选额外技能包： | BW46: （自选） | CZ46: 创伤背景： | DF46: （无）
B47: 子模板： | V47: =IF(附表!I12=FALSE,"←请选择子模板","") | BN47: 右栏可替换固定项；留空沿用模板。 | CZ47: =IFERROR(IF(INDEX(附表!$B$84:$G$88,MATCH($DF$46,附表!$A$84:$A$88,0),1)=0,"",INDEX(附表!$B$84:$G$88,MATCH($DF$46,附表!$A$84:$A$88,0),1)),"")
B48: =IF(附表!$I$12,IF(附表!A20=0,"",附表!A20),"") -> 任选10个本职技能，分配350 | P48: =IF(职业选项!$T$3>0,"下拉选"&职业选项!$T$3&"·已选"&职业选项!$T$4,"无任选项") -> 无任选项 | AA48: 重要关系数： | AH48: =附表!C16 -> ≤4 | AK48: =IF(附表!AN15=0,"","装备：") | BN48: 额外技能（每项+20） | BZ48: 替换／任选 | CZ48: =IFERROR(IF(INDEX(附表!$B$84:$G$88,MATCH($DF$46,附表!$A$84:$A$88,0),2)=0,"",INDEX(附表!$B$84:$G$88,MATCH($DF$46,附表!$A$84:$A$88,0),2)),"")
B49: =IF(附表!$I$12,IF(附表!A21=0,"",附表!A21),"") -> 技能点，额外加在基础值上， | P49: ☐ | R49: =IF(AND(附表!$I$12,职业选项!A18<>""),职业选项!A18,"") | AA49: =IF(附表!B16=0,"","推荐属性：") | AK49: =IF(附表!AN15=0,"",附表!AN15) | BN49: =规则数据!A2 -> 自选技能1（+20） | CZ49: =IFERROR(IF(INDEX(附表!$B$84:$G$88,MATCH($DF$46,附表!$A$84:$A$88,0),3)=0,"",INDEX(附表!$B$84:$G$88,MATCH($DF$46,附表!$A$84:$A$88,0),3)),"")
B50: =IF(附表!$I$12,IF(附表!A22=0,"",附表!A22),"") -> 最高至60%。重要关系自4个开 | P50: ☑ | R50: =IF(AND(附表!$I$12,职业选项!A19<>""),职业选项!A19,"") | AA50: =IF(附表!B16=0,"",附表!B16) | BN50: =规则数据!A3 -> 自选技能2（+20） | CZ50: =IFERROR(IF(INDEX(附表!$B$84:$G$88,MATCH($DF$46,附表!$A$84:$A$88,0),4)=0,"",INDEX(附表!$B$84:$G$88,MATCH($DF$46,附表!$A$84:$A$88,0),4)),"")
B51: =IF(附表!$I$12,IF(附表!A23=0,"",附表!A23),"") -> 始每少一个（最少1个），增 | P51: ☐ | R51: =IF(AND(附表!$I$12,职业选项!A20<>""),职业选项!A20,"") | AA51: =IF(附表!F20=0,"","建议额外技能：") | BN51: =规则数据!A4 -> 自选技能3（+20） | CZ51: =IFERROR(IF(INDEX(附表!$B$84:$G$88,MATCH($DF$46,附表!$A$84:$A$88,0),5)=0,"",INDEX(附表!$B$84:$G$88,MATCH($DF$46,附表!$A$84:$A$88,0),5)),"")
B52: =IF(附表!$I$12,IF(附表!A24=0,"",附表!A24),"") -> 加50本职技能点。 | P52: ☐ | R52: =IF(AND(附表!$I$12,职业选项!A21<>""),职业选项!A21,"") | AA52: =IF(附表!F20=0,"",附表!F20) | BN52: =规则数据!A5 -> 自选技能4（+20） | CZ52: =IFERROR(IF(INDEX(附表!$B$84:$G$88,MATCH($DF$46,附表!$A$84:$A$88,0),6)=0,"",INDEX(附表!$B$84:$G$88,MATCH($DF$46,附表!$A$84:$A$88,0),6)),"")
B53: =IF(附表!$I$12,IF(附表!A25=0,"",附表!A25),"") | P53: ☐ | R53: =IF(AND(附表!$I$12,职业选项!A22<>""),职业选项!A22,"") | AA53: =IF(附表!F21=0,"",附表!F21) | BN53: =规则数据!A6 -> 自选技能5（+20）
B54: =IF(附表!$I$12,IF(附表!A26=0,"",附表!A26),"") | P54: ☐ | R54: =IF(AND(附表!$I$12,职业选项!A23<>""),职业选项!A23,"") | AA54: =IF(附表!F22=0,"",附表!F22) | BN54: =规则数据!A7 -> 自选技能6（+20） | CZ54: 原始意志 | DF54: =N(幕间与结算!E5) -> 0 | DK54: 原始魅力 | DR54: =N(幕间与结算!F5) -> 0
B55: =IF(附表!$I$12,IF(附表!A27=0,"",附表!A27),"") | P55: ☐ | R55: =IF(AND(附表!$I$12,职业选项!A24<>""),职业选项!A24,"") | AA55: =IF(附表!F23=0,"",附表!F23) | BN55: =规则数据!A8 -> 自选技能7（+20） | CZ55: 移除关系 | DK55: 心理疾病
B56: =IF(附表!$I$12,IF(附表!A28=0,"",附表!A28),"") | P56: ☐ | R56: =IF(AND(附表!$I$12,职业选项!A25<>""),职业选项!A25,"") | BN56: =规则数据!A9 -> 自选技能8（+20） | CZ56: =规则数据!S8 -> 固定效果已计入
B57: =IF(附表!$I$12,IF(附表!A29=0,"",附表!A29),"") | P57: ☐ | R57: =IF(AND(附表!$I$12,职业选项!A26<>""),职业选项!A26,"") | BN57: =规则数据!S6 -> 0/8项；已加0/160点；待填细项／选择 | CZ57: 艰苦1
B58: =IF(附表!$I$12,IF(附表!A30=0,"",附表!A30),"") | P58: ☐ | R58: =IF(AND(附表!$I$12,职业选项!A27<>""),职业选项!A27,"") | CZ58: 艰苦2
B59: =IF(附表!$I$12,IF(附表!A31=0,"",附表!A31),"") | P59: ☐ | R59: =IF(AND(附表!$I$12,职业选项!A28<>""),职业选项!A28,"") | CZ59: 艰苦3
B60: =IF(附表!$I$12,IF(附表!A32=0,"",附表!A32),"") | AA60: =职业选项!$T$8 -> 任选已完成 细项直接填上方 | CZ60: 艰苦4
B61: =IF(附表!$I$12,IF(附表!A33=0,"",附表!A33),"") | P61: =IF(COUNTIF(职业选项!$E$2:$E$28,"skill")>0,"固定二选一：","") | CZ61: 艰苦5
B62: =IF(附表!$I$12,IF(附表!A34=0,"",附表!A34),"")
B63: =IF(附表!$I$12,IF(附表!A35=0,"",附表!A35),"")
B65: 模组经历备忘录 | AB65: 绿箱生成器 | BI65: 规则速查 | BX65: 更新记录 | CZ65: 理智与关系记录

Sheet 骰子指令
A1: 骰子属性设置指令
A2: 复制方法：（需要Excel 2019或更新版本） 1. 选择右方单元格，复制。 2. 粘贴到任意单元格，在一旁的下拉菜单选择“复制值”。 3. 复制该值。 | B2: =".st "&_xlfn.CONCAT(附表!E93:E162) -> .st 会计学10警觉20运动30行政10犯罪学10乔装10闪避30机动车驾驶20射击20急救10重型机械10历史10人源情报10近战武器30导航10神秘学10说服20精神治疗10骑术10搜寻20潜藏10生存10游泳20徒手搏斗40
A3: 生成6个属性的骰子指令
A4: .r6#4d6k3

Sheet 职业列表
A1: 职业名 | B1: 推荐属性 | C1: 重要关系数 | D1: 固定职业技能 | T1: 自由职业技能数 | U1: 自由职业技能选项 | AF1: 子模板 | AJ1: 建议额外技能 | AN1: 装备
A2: （创建新职业） | C2: ≤4 | D2: {=TRANSPOSE(附表!A37:A41)} -> 任选10个本职技能，分配350 | E2: 技能点，额外加在基础值上， | F2: 最高至60%。重要关系自4个开 | G2: 始每少一个（最少1个），增 | H2: 加50本职技能点。 | AO2: =ROW() -> 2
A3: （主持人自定义职业模板栏位） | AO3: =IF(LEFT(TRIM(A3&"$"),1)="（",65536,ROW()) -> 65536
A4: （这几栏可以自由编辑） | AO4: =IF(LEFT(TRIM(A4&"$"),1)="（",65536,ROW()) -> 65536
A5: （一般用于主持人提供的职业模板） | AO5: =IF(LEFT(TRIM(A5&"$"),1)="（",65536,ROW()) -> 65536
A6: （玩家自定义模板不建议放这里） | AO6: =IF(LEFT(TRIM(A6&"$"),1)="（",65536,ROW()) -> 65536
A7: （直接填写技能即可，毕竟模板只是参考） | AO7: =IF(LEFT(TRIM(A7&"$"),1)="（",65536,ROW()) -> 65536
A8: 人类学家或历史学家 | B8: 智力 | C8: 4 | D8: 人类学50%或考古学50% | E8: 行政40% | F8: 外语（任选）50% | G8: 外语（任选）40% | H8: 历史60% | I8: 神秘学40% | J8: 说服40% | T8: 2 | U8: 人类学40% | V8: 考古学40% | W8: 人源情报50% | X8: 导航50% | Y8: 骑术50% | Z8: 搜寻60% | AA8: 生存50% | AO8: =ROW() -> 8
A9: 计算机科学家或工程师 | B9: 智力 | C9: 3 | D9: 计算机科学60% | E9: 工艺（电工）30% | F9: 工艺（机械）30% | G9: 工艺（微电子）40% | H9: 科学（数学）40% | I9: 信号情报40% | T9: 4 | U9: 会计学50% | V9: 行政50% | W9: 工艺（任选）40% | X9: 外语（任选）40% | Y9: 重型机械50% | Z9: 法律40% | AA9: 科学（任选）40% | AO9: =ROW() -> 9
A10: 联邦探员 | B10: 体质，意志，魅力 | C10: 3 | D10: 警觉50% | E10: 行政40% | F10: 犯罪学50% | G10: 机动车驾驶50% | H10: 射击50% | I10: 法证学30% | J10: 人源情报60% | K10: 法律30% | L10: 说服50% | M10: 搜寻50% | N10: 徒手搏斗60% | T10: 1 | U10: 会计学60% | V10: 计算机科学50% | W10: 外语（任选）50% | X10: 重型武器50% | Y10: 药学50% | AO10: =ROW() -> 10
A11: 医生 | B11: 智力，意志，敏捷 | C11: 3 | D11: 行政50% | E11: 急救60% | F11: 医学60% | G11: 说服40% | H11: 药学50% | I11: 科学（生物学）60% | J11: 搜寻40% | T11: 2 | U11: 法证学50% | V11: 精神治疗60% | W11: 科学（任选）50% | X11: 手术50% | AO11: =ROW() -> 11
A12: 科学家 | B12: 智力 | C12: 4 | D12: 行政40% | E12: 计算机科学40% | F12: 科学（任选）60% | G12: 科学（任选）50% | H12: 科学（任选）50% | T12: 3 | U12: 会计学50% | V12: 工艺（任选）40% | W12: 外语（任选）40% | X12: 法证学40% | Y12: 法律40% | Z12: 药学40% | AO12: =ROW() -> 12
A13: 特种作战员 | B13: 力量，体质，意志 | C13: 2 | D13: 警觉60% | E13: 运动60% | F13: 爆破40% | G13: 射击60% | H13: 重型武器50% | I13: 近战武器50% | J13: 军事科学（陆军）60% | K13: 导航50% | L13: 潜藏50% | M13: 生存50% | N13: 游泳50% | O13: 徒手搏斗60% | AO13: =ROW() -> 13
A14: 【额外】罪犯 | B14: 力量，敏捷 | C14: 4 | D14: 警觉50% | E14: 运动50% | F14: 犯罪学60% | G14: 闪避40% | H14: 机动车驾驶50% | I14: 射击40% | J14: 法律20% | K14: 近战武器40% | L14: 说服50% | M14: 潜藏50% | N14: 徒手搏斗50% | T14: 2 | U14: 工艺（锁匠）40% | V14: 爆破40% | W14: 乔装50% | X14: 外语（任选）40% | Y14: 法证学40% | Z14: 人源情报50% | AA14: 导航50% | AB14: 神秘学50% | AC14: 药学40% | AO14: =ROW() -> 14
A15: 【额外】消防队员 | B15: 力量，敏捷，体质 | C15: 3 | D15: 警觉50% | E15: 运动60% | F15: 工艺（电工）40% | G15: 工艺（机械）40% | H15: 爆破50% | I15: 机动车驾驶50% | J15: 急救50% | K15: 法证学40% | L15: 重型机械50% | M15: 导航50% | N15: 搜寻40% | AO15: =ROW() -> 15
A16: 【额外】外事官员 | B16: 智力，魅力 | C16: 3 | D16: 会计学40% | E16: 人类学40% | F16: 行政60% | G16: 外语（任选）50% | H16: 外语（任选）50% | I16: 外语（任选）40% | J16: 历史40% | K16: 人源情报50% | L16: 法律40% | M16: 说服50% | AO16: =ROW() -> 16
A17: 【额外】情报分析员 | B17: 智力 | C17: 3 | D17: 人类学40% | E17: 行政50% | F17: 计算机科学40% | G17: 犯罪学40% | H17: 外语（任选）50% | I17: 外语（任选）50% | J17: 外语（任选）40% | K17: 历史40% | L17: 人源情报50% | M17: 信号情报40% | AO17: =ROW() -> 17
A18: 【额外】情报官员 | B18: 智力，意志，魅力 | C18: 2 | D18: 警觉50% | E18: 行政40% | F18: 犯罪学50% | G18: 乔装50% | H18: 机动车驾驶40% | I18: 射击40% | J18: 外语（任选）50% | K18: 外语（任选）40% | L18: 人源情报60% | M18: 说服60% | N18: 信号情报40% | O18: 潜藏50% | P18: 徒手搏斗50% | AO18: =ROW() -> 18
A19: 【额外】律师或商务主管 | B19: 智力，魅力 | C19: 4 | D19: 会计学50% | E19: 行政50% | F19: 人源情报40% | G19: 说服60% | T19: 4 | U19: 计算机科学50% | V19: 犯罪学60% | W19: 外语（任选）50% | X19: 法律50% | Y19: 药学50% | AO19: =ROW() -> 19
A20: 【额外】媒体专家 | B20: 智力，魅力 | C20: 4 | D20: 艺术（任选）60% | E20: 历史40% | F20: 人源情报40% | G20: 说服50% | T20: 5 | U20: 人类学40% | V20: 考古学40% | W20: 艺术（任选）40% | X20: 行政50% | Y20: 计算机科学40% | Z20: 犯罪学50% | AA20: 外语（任选）40% | AB20: 法律40% | AC20: 军事科学（任选）40% | AD20: 神秘学50% | AE20: 科学（任选）40% | AO20: =ROW() -> 20
A21: 【额外】护士或护理人员 | B21: 智力，意志，魅力 | C21: 4 | D21: 警觉40% | E21: 行政40% | F21: 急救60% | G21: 人源情报40% | H21: 医学40% | I21: 说服40% | J21: 药学40% | K21: 科学（生物学）40% | T21: 2 | U21: 机动车驾驶60% | V21: 法证学40% | W21: 导航50% | X21: 精神治疗50% | Y21: 搜寻60% | AO21: =ROW() -> 21
A22: 【额外】飞行员或水手 | B22: 敏捷，智力 | C22: 3 | D22: 警觉60% | E22: 行政30% | F22: 工艺（电工）40% | G22: 工艺（机械）40% | H22: 导航50% | I22: 特种载具（任选）60% | J22: 科学（气象学）40% | K22: 游泳40% | T22: 2 | U22: 外语（任选）50% | V22: 特种载具（任选）50% | W22: 重型武器50% | X22: 军事科学（任选）50% | AO22: =ROW() -> 22
A23: 【额外】警察 | B23: 力量，体质，意志 | C23: 3 | D23: 警觉60% | E23: 行政40% | F23: 犯罪学40% | G23: 机动车驾驶50% | H23: 射击40% | I23: 急救30% | J23: 人源情报50% | K23: 法律30% | L23: 近战武器50% | M23: 导航40% | N23: 说服40% | O23: 搜寻40% | P23: 徒手搏斗60% | T23: 1 | U23: 法证学50% | V23: 重型机械60% | W23: 重型武器50% | X23: 骑术60% | AO23: =ROW() -> 23
A24: 【额外】项目群经理 | B24: 智力，魅力 | C24: 4 | D24: 会计学60% | E24: 行政60% | F24: 计算机科学50% | G24: 犯罪学30% | H24: 外语（任选）50% | I24: 历史40% | J24: 法律40% | K24: 说服50% | T24: 1 | U24: 人类学30% | V24: 艺术（任选）30% | W24: 工艺（任选）30% | X24: 科学（任选）30% | AO24: =ROW() -> 24
A25: 【额外】士兵或海军陆战队员 | B25: 力量，体质 | C25: 4 | D25: 警觉50% | E25: 运动50% | F25: 行政30% | G25: 机动车驾驶40% | H25: 射击40% | I25: 急救40% | J25: 军事科学（陆军）40% | K25: 导航40% | L25: 说服30% | M25: 徒手搏斗50% | T25: 3 | U25: 炮术40% | V25: 计算机科学40% | W25: 工艺（任选）40% | X25: 爆破40% | Y25: 外语（任选）40% | Z25: 重型机械50% | AA25: 重型武器40% | AB25: 搜寻60% | AC25: 信号情报40% | AD25: 游泳60% | AO25: =ROW() -> 25
A26: FBI / 犯罪调查处（CID） | AF26: 联邦探员 | AJ26: 犯罪学 | AK26: 药学 | AL26: 科学（化学） | AM26: 搜寻 | AN26: =附表!$L$62&"。" -> 参见《特工手册》的“本职装备：联邦探员”。 | AO26: =ROW() -> 26
A27: FBI / 国家安保部（NSB） | AF27: 联邦探员 | AG27: 情报分析员 | AH27: 情报官员 | AJ27: 外语 | AK27: 人源情报 | AL27: 信号情报 | AM27: 计算机科学 | AN27: =附表!$L$62&"，此外还有一台强固式笔电，加载先进的数据分析软件，化学嗅探器/分析仪。" -> 参见《特工手册》的“本职装备：联邦探员”，此外还有一台强固式笔电，加载先进的数据分析软件，化学嗅探器/分析仪。 | AO27: =ROW() -> 27
A28: FBI / 调查与行动支援科（IOSS） | AF28: 计算机科学家 | AG28: 情报官员 | AH28: 医生 | AI28: 科学家 | AJ28: 计算机科学 | AK28: 人源情报 | AL28: 精神治疗 | AM28: 科学（任选） | AN28: 收藏广泛的专业图书馆，ViCAP的使用权限，且/或使用最先进的犯罪学软件。 | AO28: =ROW() -> 28
A29: FBI / 情报部 | AF29: 情报分析员 | AG29: 情报官员 | AJ29: 犯罪学 | AK29: 法证学 | AL29: 射击 | AM29: 法律 | AN29: 语言培训材料或电子监控设备。 | AO29: =ROW() -> 29
A30: FBI / 人质救援队（HRT）或特警队（SWAT） | C30: 1 | D30: 警觉60% | E30: 运动60% | F30: 爆破40% | G30: 闪避50% | H30: 射击60% | I30: 法证学30% | J30: 重型武器50% | K30: 近战武器50% | L30: 军事科学（陆军）60% | M30: 导航50% | N30: 潜藏50% | O30: 生存50% | P30: 游泳50% | Q30: 徒手搏斗60% | AJ30: 犯罪学 | AK30: 射击 | AL30: 近战武器 | AM30: 潜藏 | AN30: =附表!$L$63&"。HRT还能获得专业便携式电脑，可使用FBI的指纹自动识别系统（IAFIS）及DoD的自动生物识别系统（ABIS）。" -> 参见《特工手册》的“本职装备：特警部队”。HRT还能获得专业便携式电脑，可使用FBI的指纹自动识别系统（IAFIS）及DoD的自动生物识别系统（ABIS）。 | AO30: =ROW() -> 30
A31: DEA / 行动分处 | AF31: 联邦探员 | AG31: 警察 | AJ31: 犯罪学 | AK31: 药学 | AL31: 科学（化学） | AM31: 搜寻 | AN31: =附表!$L$62&"。" -> 参见《特工手册》的“本职装备：联邦探员”。 | AO31: =ROW() -> 31
A32: DEA / 行动支援分处 | AF32: 人类学家或历史学家 | AG32: 律师 | AH32: 项目群经理 | AI32: 科学家 | AJ32: 会计学 | AK32: 法证学 | AL32: 法律 | AM32: 药学 | AN32: 专业资料库和技术设备。 | AO32: =ROW() -> 32
A33: DEA / 特种作战科（SOD） | AF33: 计算机科学家 | AG33: 情报分析员 | AJ33: 计算机科学 | AK33: 犯罪学 | AL33: 法律 | AM33: 信号情报 | AN33: 窃听装置及电子监控设备。 | AO33: =ROW() -> 33
A34: DEA / 海外部署咨询与支援小组（FAST） | C34: 2 | D34: 警觉50% | E34: 行政40% | F34: 犯罪学50% | G34: 机动车驾驶40% | H34: 射击50% | I34: 外语（任选）30% | J34: 法证学30% | K34: 重型武器30% | L34: 人源情报30% | M34: 法律30% | N34: 军事科学（陆军）30% | O34: 说服40% | P34: 药学30% | Q34: 搜寻50% | R34: 生存30% | S34: 徒手搏斗60% | AJ34: 运动 | AK34: 射击 | AL34: 法证学 | AM34: 搜寻 | AN34: =附表!$L$64&"。" -> 参见《特工手册》的“本职装备：警局警员”。 | AO34: =ROW() -> 34
A35: ICE / 国土调查处（HSI） | AF35: 联邦探员 | AJ35: 行政 | AK35: 犯罪学 | AL35: 法证学 | AM35: 人源情报 | AN35: =附表!$L$62&"。" -> 参见《特工手册》的“本职装备：联邦探员”。 | AO35: =ROW() -> 35
A36: ICE / HIS，情报办公室 | AF36: 媒体专家 | AG36: 情报分析员 | AJ36: 行政 | AK36: 计算机科学 | AL36: 科学（任选） | AM36: 信号情报 | AN36: =附表!$L$62&"。" -> 参见《特工手册》的“本职装备：联邦探员”。 | AO36: =ROW() -> 36
A37: ICE / 特别应对小组（SRT） | C37: 2 | D37: 警觉50% | E37: 行政40% | F37: 犯罪学50% | G37: 闪避50% | H37: 机动车驾驶50% | I37: 射击50% | J37: 法证学30% | K37: 重型武器50% | L37: 人源情报60% | M37: 法律30% | N37: 说服50% | O37: 搜寻50% | P37: 潜藏40% | Q37: 徒手搏斗60% | AJ37: 闪避 | AK37: 射击 | AL37: 犯罪学 | AM37: 近战武器 | AN37: =附表!$L$63&"。" -> 参见《特工手册》的“本职装备：特警部队”。 | AO37: =ROW() -> 37
A38: ICE / 遣返行动执法处（ERO） | AF38: 联邦探员 | AJ38: 运动 | AK38: 人源情报 | AL38: 说服 | AM38: 徒手搏斗 | AN38: =附表!$L$62&"。" -> 参见《特工手册》的“本职装备：联邦探员”。 | AO38: =ROW() -> 38
A39: USMS / 调查行动处 | AF39: 联邦探员 | AJ39: 犯罪学 | AK39: 法证学 | AL39: 法律 | AM39: 搜寻 | AN39: =附表!$L$62&"。" -> 参见《特工手册》的“本职装备：联邦探员”。 | AO39: =ROW() -> 39
A40: USMS / 特种行动队（SOG） | C40: 2 | D40: 警觉50% | E40: 运动40% | F40: 行政40% | G40: 犯罪学50% | H40: 闪避40% | I40: 机动车驾驶50% | J40: 射击50% | K40: 法证学30% | L40: 重型武器50% | M40: 人源情报60% | N40: 法律30% | O40: 说服50% | P40: 搜寻50% | Q40: 潜藏40% | R40: 徒手搏斗60% | AJ40: 运动 | AK40: 闪避 | AL40: 射击 | AM40: 徒手搏斗 | AN40: =附表!$L$63&"。" -> 参见《特工手册》的“本职装备：特警部队”。 | AO40: =ROW() -> 40
A41: 陆军 / 传染病医学研究院（USAMRIID） | AF41: 科学家 | AJ41: 行政 | AK41: 军事科学 | AL41: 药学 | AM41: 科学（生物学） | AN41: 有关传染病生物战的大量藏书；能够取得高科技实验器材（包括最高级的生物安全装备）以及世界上最危险的微生物样本。 | AO41: =ROW() -> 41
A42: 陆军 / 第902军事情报大队 | AF42: 士兵 | AJ42: 行政 | AK42: 人源情报 | AL42: 外语（任选） | AM42: 信号情报 | AN42: =附表!$L$65&"，还有特化的情报和许多不同的生存装备。" -> 参见《特工手册》的“本职装备：特种作战员”，还有特化的情报和许多不同的生存装备。 | AO42: =ROW() -> 42
A43: 陆军 / 第10山地师 | C43: 3 | D43: 警觉50% | E43: 运动60% | F43: 行政30% | G43: 机动车驾驶40% | H43: 射击40% | I43: 急救30% | J43: 军事科学（陆军）40% | K43: 导航50% | L43: 说服30% | M43: 生存50% | N43: 徒手搏斗50% | T43: 3 | U43: 计算机科学40% | V43: 工艺（任选）40% | W43: 爆破40% | X43: 外语（任选）40% | Y43: 重型机械50% | Z43: 重型武器40% | AA43: 搜寻60% | AB43: 信号情报40% | AC43: 游泳60% | AJ43: 运动 | AK43: 射击 | AL43: 急救 | AM43: 重型武器 | AN43: =附表!$L$65&"，并可获得专门的寒冷天气、高山和沙漠生存装备和设备。" -> 参见《特工手册》的“本职装备：特种作战员”，并可获得专门的寒冷天气、高山和沙漠生存装备和设备。 | AO43: =ROW() -> 43
A44: 陆军 / 第1旅，第1骑兵师（“铁马旅”） | C44: 3 | D44: 警觉50% | E44: 运动50% | F44: 行政30% | G44: 机动车驾驶50% | H44: 射击40% | I44: 急救30% | J44: 重型机械40% | K44: 重型武器40% | L44: 陆军（陆军）40% | M44: 导航50% | N44: 潜藏30% | O44: 生存50% | P44: 徒手搏斗50% | T44: 1 | U44: 炮术40% | V44: 计算机科学40% | W44: 工艺（任选）40% | X44: 爆破40% | Y44: 外语（任选）40% | Z44: 信号情报40% | AJ44: 射击 | AK44: 重型机械 | AL44: 信号情报 | AM44: 生存 | AN44: =附表!$L$65&"，以及先进的监视、监听设备，包括远距离、加固的激光指示器。" -> 参见《特工手册》的“本职装备：特种作战员”，以及先进的监视、监听设备，包括远距离、加固的激光指示器。 | AO44: =ROW() -> 44
A45: 陆军 / 医疗兵团 | AF45: 医生 | AJ45: 运动 | AK45: 急救 | AL45: 医学 | AM45: 手术 | AN45: 用来诊断和治疗的大量医用工具，包括便携式手术器材或特化装备。 | AO45: =ROW() -> 45
A46: 陆军SOCOM / 第1特种作战群 | C46: 1 | D46: 警觉50% | E46: 运动60% | F46: 爆破40% | G46: 射击60% | H46: 外语（任选）20% | I46: 重型武器50% | J46: 人源情报40% | K46: 近战武器50% | L46: 军事科学（陆军）60% | M46: 导航50% | N46: 说服40% | O46: 潜藏50% | P46: 生存50% | Q46: 游泳50% | R46: 徒手搏斗60% | AJ46: 射击 | AK46: 爆破 | AL46: 说服 | AM46: 信号情报 | AN46: =附表!$L$65&"。" -> 参见《特工手册》的“本职装备：特种作战员”。 | AO46: =ROW() -> 46
A47: 陆军SOCOM / 第75游骑兵团 | AF47: 特种作战员 | AN47: =附表!$L$65&"。" -> 参见《特工手册》的“本职装备：特种作战员”。 | AO47: =ROW() -> 47
A48: 陆军SOCOM / 第4军事信息支援大队 | C48: 3 | D48: 警觉50% | E48: 运动50% | F48: 行政30% | G48: 机动车驾驶40% | H48: 射击40% | I48: 急救30% | J48: 外语（任选）40% | K48: 人源情报50% | L48: 军事科学（陆军）40% | M48: 导航40% | N48: 说服50% | O48: 信号情报40% | P48: 徒手搏斗50% | T48: 1 | U48: 艺术（任选）40 | V48: 计算机科学40 | W48: 工艺（任选）40 | X48: 外语（任选）40 | AJ48: 运动 | AK48: 外语 | AL48: 精神治疗 | AM48: 信号情报 | AN48: =附表!$L$65&"。" -> 参见《特工手册》的“本职装备：特种作战员”。 | AO48: =ROW() -> 48
A49: 陆军SOCOM / 第160特种作战航空团（“暗夜潜行者”） | C49: 1 | D49: 警觉60% | E49: 运动50% | F49: 行政30% | G49: 工艺（电工）40% | H49: 工艺（机械）40% | I49: 射击40% | J49: 重型武器50% | K49: 军事科学（空军）60% | L49: 军事科学（陆军）20% | M49: 导航60% | N49: 特种载具（直升机）60% | O49: 科学（气象学）50% | P49: 游泳50% | AJ49: 警觉 | AK49: 特种载具 | AL49: 生存 | AM49: 潜藏 | AN49: =附表!$L$65&"，以及维修直升机设备的操作手册和现场手册。" -> 参见《特工手册》的“本职装备：特种作战员”，以及维修直升机设备的操作手册和现场手册。 | AO49: =ROW() -> 49
A50: 陆军SOCOM / 情报支持行动处 | C50: 1 | D50: 警觉60% | E50: 运动60% | F50: 射击60% | G50: 重型武器50% | H50: 人源情报50% | I50: 近战武器50% | J50: 军事科学（陆军）60% | K50: 导航50% | L50: 信号情报50% | M50: 潜藏50% | N50: 生存50% | O50: 游泳50% | P50: 徒手搏斗60% | AJ50: 射击 | AK50: 导航 | AL50: 搜寻 | AM50: 潜藏 | AN50: =附表!$L$65&"，并且能查阅机密报告。" -> 参见《特工手册》的“本职装备：特种作战员”，并且能查阅机密报告。 | AO50: =ROW() -> 50
A51: 空军 / 第41救援中队 | AF51: 飞行员 | AJ51: 警觉 | AK51: 急救 | AL51: 导航 | AM51: 特种载具（直升机） | AN51: 故障排除手册，飞行器检查清单，可以访问机密的地理空间数据和摄影材料。 | AO51: =ROW() -> 51
A52: 空军 / 614航空航天运营中心 | AF52: 情报分析员 | AJ52: 计算机科学 | AK52: 工艺（微电子） | AL52: 说服 | AM52: 信号情报 | AN52: 可以访问夏安山，以及从国防到民用领域的有关太空的机密报告。 | AO52: =ROW() -> 52
A53: 空军 / 432d行动小组 | AF53: 飞行员 | AJ53: 警觉 | AK53: 信号情报 | AL53: 特种载具（无人机） | AM53: 工艺（电子学） | AN53: 故障排除手册，飞行检查清单，可以访问机密的地理空间数据和摄影材料。 | AO53: =ROW() -> 53
A54: 空军 / 第70情报、监视和侦察（ISR）联队 | AF54: 计算机科学家 | AG54: 情报分析员 | AJ54: 行政 | AK54: 计算机科学 | AL54: 科学（数学） | AM54: 信号情报 | AN54: =附表!$L$62&"。" -> 参见《特工手册》的“本职装备：联邦探员”。 | AO54: =ROW() -> 54
A55: 空军 / 第354战斗机中队 | AF55: 飞行员 | AJ55: 警觉 | AK55: 信号情报 | AL55: 特种载具（飞机） | AN55: 故障排除手册，飞行检查清单，可以访问飞机以及相关业务设施。 | AO55: =ROW() -> 55
A56: 空军 / 第318网络空间运营小组 | AF56: 计算机科学家或工程师 | AJ56: 行政 | AK56: 信号情报 | AL56: 工艺（电子学） | AM56: 工艺（微电子） | AN56: 故障排除手册，飞行检查清单，可以访问飞机以及相关业务设施。 | AO56: =ROW() -> 56
A57: 空军SOCOM / 第24特战联队，第720特种战术大队 | C57: 1 | D57: 警觉60% | E57: 运动60% | F57: 爆破40% | G57: 射击60% | H57: 重型武器50% | I57: 近战武器50% | J57: 军事科学（陆军）60% | K57: 导航50% | L57: 潜藏50% | M57: 生存50% | N57: 游泳50% | O57: 徒手搏斗60% | T57: 1 | U57: 急救60% | V57: 信号情报50% | AJ57: 运动 | AK57: 导航 | AL57: 生存 | AM57: 潜藏 | AN57: =附表!$L$65&"，以及野战医疗包（辅助救援）、先进的监视和电子套件（战斗控制员和战斗气象技术人员）。" -> 参见《特工手册》的“本职装备：特种作战员”，以及野战医疗包（辅助救援）、先进的监视和电子套件（战斗控制员和战斗气象技术人员）。 | AO57: =ROW() -> 57
A58: 海军 / 罪案调查处（NCIS） | AF58: 联邦探员 | AJ58: 犯罪学 | AK58: 说服 | AL58: 人源情报 | AM58: 法律 | AN58: =附表!$L$62&"。" -> 参见《特工手册》的“本职装备：联邦探员”。 | AO58: =ROW() -> 58
A59: 海军 / 爆炸品处理部队（EOD） | C59: 2 | D59: 警觉60% | E59: 运动40% | F59: 行政30% | G59: 工艺（电工）40% | H59: 工艺（机械）40% | I59: 爆破60% | J59: 军事科学（海军）50% | K59: 导航50% | L59: 特种载具（任选）40% | M59: 科学（气象学）40% | N59: 搜寻50% | O59: 游泳60% | AJ59: 警觉 | AK59: 运动 | AL59: 工艺（电子学） | AM59: 急救 | AN59: 机械和工程工具，个人防护装备（PPE），硬化手套和护目镜，一个大型的物理科学、化学和爆破学图书馆。 | AO59: =ROW() -> 59
A60: 海军 / 医务兵 | C60: 2 | D60: 警觉50% | E60: 运动50% | F60: 行政40% | G60: 射击40% | H60: 急救60% | I60: 人源情报40% | J60: 医学40% | K60: 说服50% | L60: 药学40% | M60: 科学（生物学）40% | N60: 生存50% | T60: 2 | U60: 机动车驾驶60% | V60: 法证学40% | W60: 导航50% | X60: 精神治疗50% | Y60: 搜寻60% | AJ60: 急救 | AK60: 医学 | AL60: 精神治疗 | AM60: 手术 | AN60: 便携式医疗器械。 | AO60: =ROW() -> 60
A61: 海军SOCOM / 特种作战开发群&三栖特战队第一小队 | C61: 1 | D61: 警觉50% | E61: 运动60% | F61: 爆破40% | G61: 射击60% | H61: 重型武器50% | I61: 近战武器50% | J61: 军事科学（陆军）60% | K61: 导航50% | L61: 特种载具（小船）40% | M61: 潜藏50% | N61: 生存60% | O61: 游泳60% | P61: 徒手搏斗60% | AJ61: 射击 | AK61: 近战武器 | AL61: 潜藏 | AM61: 徒手搏斗 | AN61: =附表!$L$65&"，以及SCUBA 和游泳装备。所有设备都是防水的。" -> 参见《特工手册》的“本职装备：特种作战员”，以及SCUBA 和游泳装备。所有设备都是防水的。 | AO61: =ROW() -> 61
A62: 海军陆战队 / 武装侦察部队 | C62: 1 | D62: 警觉60% | E62: 运动60% | F62: 爆破40% | G62: 闪避50% | H62: 射击60% | I62: 重型武器50% | J62: 近战武器50% | K62: 军事科学（陆军）60% | L62: 导航60% | M62: 潜藏60% | N62: 生存60% | O62: 游泳50% | P62: 徒手搏斗60% | AJ62: 机动车驾驶 | AK62: 射击 | AL62: 信号情报 | AM62: 生存 | AN62: =附表!$L$65&"，以及先进的监视设备、安装在武器上的激光指示灯、莫斯伯格500 泵动式霰弹枪、远距离热成像仪。" -> 参见《特工手册》的“本职装备：特种作战员”，以及先进的监视设备、安装在武器上的激光指示灯、莫斯伯格500 泵动式霰弹枪、远距离热成像仪。 | AO62: =ROW() -> 62
A63: 海军陆战队 / 公共事务处战地摄影师 | C63: 3 | D63: 艺术（摄影，或摄像）50% | E63: 运动60% | F63: 行政50% | G63: 计算机科学30% | H63: 工艺（电子学）30% | I63: 射击40% | J63: 历史40% | K63: 人源情报50% | L63: 近战武器40% | M63: 说服50% | N63: 生存40% | O63: 徒手搏斗50% | T63: 1 | U63: 艺术（任选）50% | V63: 外语（任选）50% | W63: 军事科学（任选）50% | AJ63: 艺术（摄影或摄像） | AK63: 运动 | AL63: 人源情报 | AM63: 生存 | AN63: =附表!$L$65&"。" -> 参见《特工手册》的“本职装备：特种作战员”。 | AO63: =ROW() -> 63
A64: 海军陆战队 / 海上特殊目的部队 | C64: 2 | D64: 警觉60% | E64: 运动60% | F64: 行政30% | G64: 爆破40% | H64: 闪避50% | I64: 机动车驾驶40% | J64: 射击60% | K64: 急救30% | L64: 外语（任选）40% | M64: 重型机械50% | N64: 重型武器50% | O64: 军事科学（陆军）40% | P64: 导航40% | Q64: 说服30% | R64: 游泳60% | S64: 徒手搏斗50% | AJ64: 重型武器 | AK64: 导航 | AL64: 潜藏 | AN64: 照相机或摄像机，制作及监控设备。 | AO64: =ROW() -> 64
A65: 海军陆战队 / 海军陆战保安团 | C65: 3 | D65: 警觉60% | E65: 运动60% | F65: 行政30% | G65: 机动车驾驶40% | H65: 射击60% | I65: 急救30% | J65: 重型武器40% | K65: 军事科学（陆军）40% | L65: 导航40% | M65: 说服30% | N65: 生存30% | O65: 徒手搏斗50% | T65: 2 | U65: 爆破40% | V65: 外语（任选）40% | W65: 重型武器50% | X65: 搜寻60% | Y65: 信号情报40% | Z65: 游泳60% | AJ65: 警觉 | AK65: 射击 | AL65: 近战武器 | AM65: 徒手搏斗 | AN65: =附表!$L$65&"。" -> 参见《特工手册》的“本职装备：特种作战员”。 | AO65: =ROW() -> 65
A66: 海军陆战队SOCOM / 陆战队突击团 | C66: 1 | D66: 警觉50% | E66: 运动60% | F66: 爆破40% | G66: 射击60% | H66: 重型武器50% | I66: 近战武器50% | J66: 军事科学（陆军）60% | K66: 导航50% | L66: 说服40% | M66: 特种载具（小船）40% | N66: 潜藏50% | O66: 生存50% | P66: 游泳50% | Q66: 徒手搏斗60% | AJ66: 运动 | AK66: 重型武器 | AL66: 人源情报 | AM66: 近战武器 | AN66: =附表!$L$65&"。" -> 参见《特工手册》的“本职装备：特种作战员”。 | AO66: =ROW() -> 66
A67: CIA / 行动处（DO） | AF67: 情报官员 | AJ67: 行政 | AK67: 人源情报 | AL67: 说服 | AM67: 信号情报 | AN67: 能调阅机密报告。 | AO67: =ROW() -> 67
A68: CIA / 特别活动处特种作战组（SAD/SOG） | C68: 1 | D68: 警觉60% | E68: 运动50% | F68: 爆破40% | G68: 射击60% | H68: 外语（任选）40% | I68: 重型武器50% | J68: 人源情报30% | K68: 近战武器50% | L68: 军事科学（陆军）50% | M68: 导航50% | N68: 说服40% | O68: 潜藏50% | P68: 生存50% | Q68: 游泳40% | R68: 徒手搏斗60% | AJ68: 警觉 | AK68: 射击 | AL68: 潜藏 | AM68: 生存 | AN68: =附表!$L$65&"，并且能调阅机密报告。" -> 参见《特工手册》的“本职装备：特种作战员”，并且能调阅机密报告。 | AO68: =ROW() -> 68
A69: CIA / 特别活动处政治行动组（SAD/PAG） | C69: 1 | D69: 会计学40% | E69: 人类学40% | F69: 运动40% | G69: 行政60% | H69: 乔装40% | I69: 射击40% | J69: 外语（任选）50% | K69: 外语（任选）50% | L69: 外语（任选）40% | M69: 历史40% | N69: 人源情报50% | O69: 法律40% | P69: 说服50% | Q69: 潜藏50% | R69: 徒手搏斗60% | AJ69: 行政 | AK69: 犯罪学 | AL69: 说服 | AM69: 信号情报 | AN69: =附表!$L$65&"，并且能调阅机密报告。" -> 参见《特工手册》的“本职装备：特种作战员”，并且能调阅机密报告。 | AO69: =ROW() -> 69
A70: CIA / 分析科（DA） | AF70: 情报官员 | AJ70: 人类学 | AK70: 人源情报 | AL70: 信号情报 | AM70: 历史 | AN70: 能调阅机密报告。 | AO70: =ROW() -> 70
A71: DOS / 西半球事务局 | AF71: 外事官员 | AJ71: 人类学 | AK71: 行政 | AL71: 外语（任选） | AM71: 历史 | AN71: 调阅其所负责区域的机密报告。笔记本电脑，卫星电话，能连接DOS非密系统的手机。 | AO71: =ROW() -> 71
A72: DOS / 外交安全局（FSO） | AF72: 联邦探员 | AJ72: 行政 | AK72: 外语（任选） | AL72: 人源情报 | AM72: 说服 | AN72: =附表!$L$62&"。" -> 参见《特工手册》的“本职装备：联邦探员”。 | AO72: =ROW() -> 72
A73: DOS / 外交信使 | AF73: 外事官员 | AJ73: 行政 | AK73: 外语（任选） | AL73: 法律 | AM73: 说服 | AN73: 数额惊人的航空常客里程和酒店积分。 | AO73: =ROW() -> 73
A74: DOS / 国际毒品与执法事务局（INL） | AF74: 项目群经理 | AJ74: 会计学 | AK74: 行政 | AL74: 犯罪学 | AM74: 法律 | AN74: ="控制某INL项目的预算"&附表!$L$66&"。" -> 控制某INL项目的预算（参见《特工手册》的“项目群经理”）。 | AO74: =ROW() -> 74
A75: DOS / 情报研究局（INR） | AF75: 外事官员 | AG75: 媒体专家 | AH75: 情报分析员 | AJ75: 历史 | AK75: 人源情报 | AL75: 说服 | AM75: 信号情报 | AN75: 调阅机密情报库，包括其他组织的。 | AO75: =ROW() -> 75
A76: CDC / 预防和应对中心 | AF76: 医生 | AG76: 项目群经理 | AH76: 科学家 | AJ76: 会计学 | AK76: 行政 | AL76: 说服 | AM76: 科学（合适的专业） | AN76: ="控制某项目的预算"&附表!$L$66&"。" -> 控制某项目的预算（参见《特工手册》的“项目群经理”）。 | AO76: =ROW() -> 76
A77: CDC / 紧急行动中心 | AF77: 医生 | AG77: 项目群经理 | AH77: 科学家 | AJ77: 会计学 | AK77: 行政 | AL77: 说服 | AM77: 科学（合适的专业） | AN77: 一个大型的专业图书馆；诊断实验室设备；医疗和/或保健设备（主要为便携式或加固的外出用设备），包括防护服和个人防护装备。 | AO77: =ROW() -> 77
A78: CDC / 全球快速反应小组（RRT） | AF78: 媒体专家 | AG78: 医生 | AH78: 科学家 | AJ78: 外语（任选） | AK78: 法证学 | AL78: 科学（合适的专业） | AM78: 生存 | AN78: 便携式诊断实验室设备；医疗和/或保健设备（主要为便携式或加固的外出用设备）；电子图书馆，内容包括药品、毒理学、野外诊断、野外生存野外指南、解剖学和外语；以及一本带有若干出入境印章的护照。 | AO78: =ROW() -> 78
A79: CDC / 公共卫生服务军官团（PHSCC） | AF79: 护士 | AG79: 医生 | AH79: 科学家 | AJ79: 急救 | AK79: 药学 | AL79: 精神治疗 | AM79: 手术 | AN79: 一个大型的专业图书馆；诊断实验室设备；医疗和/或保健设备（主要为便携式或加固的外出用设备），包括防护服和个人防护装备。 | AO79: =ROW() -> 79
A80: EPA / 刑事执法、司法鉴证与培训处（OCEFT） | C80: 4 | D80: 警觉50% | E80: 行政40% | F80: 犯罪学50% | G80: 机动车驾驶40% | H80: 射击40% | I80: 法证学40% | J80: 人源情报50% | K80: 法律30% | L80: 说服50% | M80: 科学（生物、化学或环境) 40% | N80: 搜寻50% | AJ80: 行政 | AK80: 犯罪学 | AL80: 法证学 | AM80: 科学（生物/化学/环境） | AN80: ="对CID，请"&附表!$L$62&"，加上撬棍、锤子和扳手、呼吸器和危险品防护服。对于RTC，设备可能包括环境监测设备，如化学嗅探器和取样设备、下水道照相机和光离子a化检测器。" -> 对CID，请参见《特工手册》的“本职装备：联邦探员”，加上撬棍、锤子和扳手、呼吸器和危险品防护服。对于RTC，设备可能包括环境监测设备，如化学嗅探器和取样设备、下水道照相机和光离子a化检测器。 | AO80: =ROW() -> 80
A81: EPA / 区域办事处专家 | C81: 4 | D81: 警觉60% | E81: 行政40% | F81: 法证学40% | G81: 法律40% | H81: 科学（化学或环境学）60% | I81: 科学（植物学或生物学）50% | J81: 科学（任选）50% | K81: 搜寻60% | AJ81: 犯罪学 | AK81: 法证学 | AL81: 人源情报 | AM81: 说服 | AN81: 环境监测设备，如化学嗅探器和取样设备、政府发放的笔记本电脑、呼吸器、B级危险品防护服和能够防护到脚趾的防护靴。 | AO81: =ROW() -> 81
A82: CBP / 边境保护（预先清关或入国审查）（OFO/P） | AF82: 联邦探员 | AJ82: 警觉 | AK82: 行政 | AL82: 人源情报 | AM82: 说服 | AN82: =附表!$L$62&"。" -> 参见《特工手册》的“本职装备：联邦探员”。 | AO82: =ROW() -> 82
A83: CBP / 海上拦截（AMO/MI） | C83: 2 | D83: 警觉50% | E83: 行政30% | F83: 犯罪学50% | G83: 机动车驾驶50% | H83: 射击50% | I83: 法证学30% | J83: 外语（西班牙语）50% | K83: 重型武器30% | L83: 人源情报60% | M83: 法律30% | N83: 说服40% | O83: 特种载具（船）60% | P83: 搜寻50% | Q83: 游泳50% | R83: 徒手搏斗60% | AJ83: 警觉 | AK83: 运动 | AL83: 搜寻 | AM83: 信号情报 | AN83: =附表!$L$62&"，以及水上生存装备。" -> 参见《特工手册》的“本职装备：联邦探员”，以及水上生存装备。 | AO83: =ROW() -> 83
A84: CBP / 检测犬项目（OFO/K9） | AF84: 联邦探员 | AJ84: 警觉 | AK84: 工艺（训犬） | AL84: 科学（兽医学） | AM84: 搜寻 | AN84: =附表!$L$62&"，外加一只工作用犬（工作犬种或竞技犬种）、犬类处理设备和兽医医疗用品。" -> 参见《特工手册》的“本职装备：联邦探员”，外加一只工作用犬（工作犬种或竞技犬种）、犬类处理设备和兽医医疗用品。 | AO84: =ROW() -> 84
A85: CBP / 边境巡逻队 | AF85: 联邦探员 | AJ85: 运动 | AK85: 机动车驾驶 | AL85: 导航 | AM85: 生存 | AN85: =附表!$L$62&"，以及各式各样的交通工具。" -> 参见《特工手册》的“本职装备：联邦探员”，以及各式各样的交通工具。 | AO85: =ROW() -> 85
A86: CBP / 边境巡逻队战术单位（SOG/BORTAC） | C86: 2 | D86: 警觉50% | E86: 行政20% | F86: 犯罪学50% | G86: 机动车驾驶50% | H86: 射击50% | I86: 法证学30% | J86: 外语（西班牙语）40% | K86: 人源情报40% | L86: 法律30% | M86: 导航60% | N86: 说服50% | O86: 药学50% | P86: 搜寻50% | Q86: 生存60% | R86: 徒手搏斗60% | AJ86: 警觉 | AK86: 射击 | AL86: 近战武器 | AM86: 军事科学（陆军） | AN86: =附表!$L$62&"。" -> 参见《特工手册》的“本职装备：联邦探员”。 | AO86: =ROW() -> 86
A87: CBP / 边境巡逻队搜索、创伤与救援单位（SOG/BORSTAR） | C87: 2 | D87: 行政50% | E87: 急救60% | F87: 法证学50% | G87: 医学60% | H87: 导航40% | I87: 说服40% | J87: 药学50% | K87: 科学（生物学）50% | L87: 搜寻50% | M87: 手术50% | N87: 生存30% | AJ87: 射击 | AK87: 急救 | AL87: 医学 | AM87: 生存 | AN87: =附表!$L$62&"，及丰富的医疗用品和创伤设备。" -> 参见《特工手册》的“本职装备：联邦探员”，及丰富的医疗用品和创伤设备。 | AO87: =ROW() -> 87
A88: CBP / 国家空中安全行动（AMO/NASO） | AF88: 飞行员 | AJ88: 警觉 | AK88: 信号情报 | AL88: 特种载具（飞机或无人机） | AM88: 工艺（电子学） | AN88: 故障排除手册、飞行检查清单，并有权使用P3侦察机或进入安全间操作无人机。 | AO88: =ROW() -> 88
A89: ATF / 特种犬项目（SRT/K9） | AF89: 联邦探员 | AJ89: 工艺（训犬） | AK89: 近战武器 | AL89: 搜寻 | AM89: 生存 | AN89: =附表!$L$62&"，外加一只工作用犬（工作犬种）、犬类处理设备和少量兽医医疗用品。" -> 参见《特工手册》的“本职装备：联邦探员”，外加一只工作用犬（工作犬种）、犬类处理设备和少量兽医医疗用品。 | AO89: =ROW() -> 89
A90: ATF / 特种医疗项目（SRT/TMP） | C90: 1 | D90: 警觉50% | E90: 行政40% | F90: 犯罪学50% | G90: 机动车驾驶50% | H90: 射击50% | I90: 急救50% | J90: 法证学30% | K90: 人源情报60% | L90: 法律30% | M90: 医学30% | N90: 军事科学（陆军）30% | O90: 说服50% | P90: 药学50% | Q90: 搜寻50% | R90: 徒手搏斗60% | AJ90: 射击 | AK90: 急救 | AL90: 科学（生物/兽医） | AM90: 手术 | AN90: =附表!$L$62&"，外加丰富的便携式急救和创伤设备。" -> 参见《特工手册》的“本职装备：联邦探员”，外加丰富的便携式急救和创伤设备。 | AO90: =ROW() -> 90
A91: ATF / 特种行动（SRT/TO） | C91: 1 | D91: 警觉60% | E91: 运动60% | F91: 爆破50% | G91: 闪避60% | H91: 射击60% | I91: 急救40% | J91: 重型武器50% | K91: 近战武器50% | L91: 军事科学（陆军）30% | M91: 导航50% | N91: 潜藏60% | O91: 生存50% | P91: 游泳50% | Q91: 徒手搏斗60% | AJ91: 运动 | AK91: 爆破 | AL91: 射击 | AM91: 人源情报 | AN91: =附表!$L$62&"。" -> 参见《特工手册》的“本职装备：联邦探员”。 | AO91: =ROW() -> 91
A92: ATF / 外勤行动及调查办公室（OFO） | AF92: 联邦探员 | AJ92: 犯罪学 | AK92: 法证学 | AL92: 射击 | AM92: 法律 | AN92: =附表!$L$62&"。" -> 参见《特工手册》的“本职装备：联邦探员”。 | AO92: =ROW() -> 92
A93: ATF / 刑事侦查分析员 | C93: 3 | D93: 行政40% | E93: 计算机科学40% | F93: 犯罪学50% | G93: 外语（西班牙语）40% | H93: 人源情报60% | I93: 法证学40% | J93: 法律40% | K93: 精神治疗30% | L93: 科学（数学）50% | M93: 科学（生物学）50% | AJ93: 犯罪学 | AK93: 法证学 | AL93: 法律 | AM93: 精神治疗 | AN93: 可以访问FBI和ATF的数据库和档案，阅读心理学和行为科学的学术研究，以及一个颇为丰富犯罪行为资料库。 | AO93: =ROW() -> 93
A94: ATF / 爆炸物专家 | C94: 1 | D94: 警觉60% | E94: 运动60% | F94: 炮术40% | G94: 爆破60% | H94: 闪避60% | I94: 射击50% | J94: 急救40% | K94: 重型机械60% | L94: 重型武器50% | M94: 军事科学（陆军）20% | N94: 潜藏50% | O94: 生存50% | P94: 游泳50% | Q94: 徒手搏斗50% | AJ94: 犯罪学 | AK94: 爆破 | AL94: 法证学 | AM94: 科学（化学/物理学） | AN94: =附表!$L$62&"，外加爆炸物保护装备，大量工具、电子和化学诊断设备，并可利用遥控车辆接近、调查和消除可疑爆炸物。" -> 参见《特工手册》的“本职装备：联邦探员”，外加爆炸物保护装备，大量工具、电子和化学诊断设备，并可利用遥控车辆接近、调查和消除可疑爆炸物。 | AO94: =ROW() -> 94
A95: USSS / 保护情报和评估处（PID） | AF95: 情报分析员 | AJ95: 计算机科学 | AK95: 犯罪学 | AL95: 人源情报 | AM95: 信号情报 | AN95: 能阅读整个情报界的机密报告。 | AO95: =ROW() -> 95
A96: USSS / 贴身警卫处（PPD） | C96: 1 | D96: 警觉60% | E96: 运动50% | F96: 犯罪学30% | G96: 爆破40% | H96: 机动车驾驶50% | I96: 射击60% | J96: 重型武器50% | K96: 人源情报60% | L96: 法律20% | M96: 近战武器50% | N96: 导航50% | O96: 潜藏50% | P96: 生存50% | Q96: 游泳50% | R96: 徒手搏斗60% | AJ96: 运动 | AK96: 急救 | AL96: 军事科学（陆军） | AM96: 搜寻 | AN96: =附表!$L$62&"。" -> 参见《特工手册》的“本职装备：联邦探员”。 | AO96: =ROW() -> 96
A97: USSS / 反突击组（CAT） | C97: 1 | D97: 警觉60% | E97: 运动60% | F97: 爆破40% | G97: 机动车驾驶50% | H97: 射击60% | I97: 急救40% | J97: 重型武器50% | K97: 近战武器50% | L97: 军事科学（陆军）60% | M97: 导航50% | N97: 潜藏50% | O97: 生存50% | P97: 游泳50% | Q97: 徒手搏斗60% | AJ97: 警觉 | AK97: 犯罪学 | AL97: 射击 | AM97: 法律 | AN97: =附表!$L$62&"。" -> 参见《特工手册》的“本职装备：联邦探员”。 | AO97: =ROW() -> 97
A98: USSS / 财务行政、专业和技术支助（F-ATP） | AF98: 律师或商务主管 | AJ98: 会计学 | AK98: 计算机科学 | AL98: 犯罪学 | AM98: 信号情报 | AN98: 能阅读整个情报界的重要机密报告。 | AO98: =ROW() -> 98
A99: USCG / 搜救组（SAR） | C99: 2 | D99: 警觉60% | E99: 运动60% | F99: 工艺（电工）40% | G99: 工艺（机械）40% | H99: 急救50% | I99: 外语（西班牙语）20% | J99: 人源情报40% | K99: 导航50% | L99: 特种载具（小船）50% | M99: 特种载具（直升机）30% | N99: 科学（气象学）50% | O99: 游泳60% | AJ99: 警觉 | AK99: 急救 | AL99: 导航 | AM99: 游泳 | AN99: 便携式搜救装备、水上生存装备、防寒潜水服、游泳装备。 | AO99: =ROW() -> 99
A100: USCG / 响应政策办公室（CG-5R） | AF100: 项目群经理 | AJ100: 会计学 | AK100: 行政 | AL100: 说服 | AM100: 军事科学（海军） | AN100: 能联系上军队各部门，并可查阅恐怖主义或军事行动的机密档案。 | AO100: =ROW() -> 100
...

Sheet 额外技能包
A1: 额外技能包名 | B1: 固定额外技能名 | J1: 自由额外技能技能数 | K1: 自由额外技能
A2: （自选） | B2: {=TRANSPOSE(附表!G37:G43)} -> 选择8个技能（除了非自 | C2: 然知识），为每一个加上 | D2: 20点。不能超过80%。可 | E2: 重复选择。 | F2: 0 | G2: 0 | H2: 0
A3: 艺术家，演员或音乐家 | B3: 警觉 | C3: 工艺（任选） | D3: 乔装 | E3: 说服 | F3: 艺术（任选） | G3: 艺术（任选） | H3: 艺术（任选） | I3: 人源情报
A4: 运动员 | B4: 警觉 | C4: 运动 | D4: 闪避 | E4: 急救 | F4: 人源情报 | G4: 说服 | H4: 游泳 | I4: 徒手搏斗
A5: 作家，编辑或新闻撰稿人 | B5: 艺术（任选） | C5: 人类学 | D5: 行政 | E5: 历史 | F5: 法律 | G5: 神秘学 | H5: 说服 | I5: 人源情报
A6: 潜入训练 | B6: 警觉 | C6: 运动 | D6: 工艺（电工） | E6: 工艺（锁匠） | F6: 犯罪学 | G6: 乔装 | H6: 搜寻 | I6: 潜藏
A7: 蓝领工人 | B7: 警觉 | C7: 工艺（任选） | D7: 工艺（任选） | E7: 机动车驾驶 | F7: 急救 | G7: 重型机械 | H7: 导航 | I7: 搜寻
A8: 政府官员 | B8: 会计学 | C8: 行政 | D8: 计算机科学 | E8: 犯罪学 | F8: 人源情报 | G8: 法律 | H8: 说服 | I8: 另一项个人特长
A9: 神职人员 | B9: 外语（任择三项） | C9: 历史 | D9: 人源情报 | E9: 神秘学 | F9: 说服 | G9: 精神治疗
A10: 老兵 | B10: 警觉 | C10: 闪避 | D10: 射击 | E10: 急救 | F10: 重型武器 | G10: 近战武器 | H10: 潜藏 | I10: 徒手搏斗
A11: 电脑狂热者或黑客 | B11: 计算机科学 | C11: 工艺（微电子） | D11: 科学（数学） | E11: 信号情报 | F11: 另四项个人特长
A12: 顾问 | B12: 行政 | C12: 急救 | D12: 外语（任选） | E12: 人源情报 | F12: 法律 | G12: 说服 | H12: 精神治疗 | I12: 搜寻
A13: 刑事专家 | B13: 会计学 | C13: 行政 | D13: 计算机科学 | E13: 犯罪学 | F13: 法证学 | G13: 法律 | H13: 药学 | I13: 搜寻
A14: 消防员 | B14: 警觉 | C14: 爆破 | D14: 机动车驾驶 | E14: 急救 | F14: 法证学 | G14: 重型机械 | H14: 导航 | I14: 搜寻
A15: 黑帮或卧底 | B15: 警觉 | C15: 犯罪学 | D15: 闪避 | E15: 机动车驾驶 | F15: 说服 | G15: 潜藏 | J15: 2 | K15: 运动 | L15: 外语（任选） | M15: 射击 | N15: 人源情报 | O15: 近战武器 | P15: 药学 | Q15: 徒手搏斗
A16: 审讯官 | B16: 犯罪学 | C16: 外语（任选） | D16: 外语（任选） | E16: 人源情报 | F16: 法律 | G16: 说服 | H16: 药学 | I16: 搜寻
A17: 人文学科学位 | B17: 人类学或考古学 | C17: 艺术（任选） | D17: 外语（任选） | E17: 历史 | F17: 说服 | G17: 另三项个人特长
A18: 军官 | B18: 行政 | C18: 射击 | D18: 历史 | E18: 军事科学（任选） | F18: 导航 | G18: 说服 | H18: 徒手搏斗 | J18: 1 | K18: 炮术 | L18: 重型机械 | M18: 重型武器 | N18: 人源情报 | O18: 特种载具（任选） | P18: 信号情报
A19: 工商管理硕士 | B19: 会计学 | C19: 行政 | D19: 人源情报 | E19: 法律 | F19: 说服 | G19: 另三项个人特长
A20: 护士，辅助医护人员或医学本科学位 | B20: 警觉 | C20: 急救 | D20: 医学 | E20: 说服 | F20: 药学 | G20: 精神治疗 | H20: 科学（生物学） | I20: 搜寻
A21: 神秘事件调查员或阴谋论家 | B21: 人类学 | C21: 考古学 | D21: 计算机科学 | E21: 犯罪学 | F21: 历史 | G21: 神秘学 | H21: 说服 | I21: 搜寻
A22: 野外探险家 | B22: 警觉 | C22: 运动 | D22: 射击 | E22: 导航 | F22: 骑术 | G22: 搜寻 | H22: 潜藏 | I22: 生存
A23: 摄影师 | B23: 警觉 | C23: 艺术（摄影） | D23: 计算机科学 | E23: 说服 | F23: 搜寻 | G23: 潜藏 | H23: 另两项个人特长
A24: 飞行员或水手 | B24: 警觉 | C24: 工艺（机械） | D24: 急救 | E24: 外语（任选） | F24: 导航 | G24: 特种载具（任选） | H24: 生存 | I24: 游泳
A25: 警官 | B25: 警觉 | C25: 犯罪学 | D25: 机动车驾驶 | E25: 射击 | F25: 人源情报 | G25: 法律 | H25: 近战武器 | I25: 徒手搏斗
A26: 理科研究生 | B26: 行政 | C26: 计算机科学 | D26: 工艺（任选） | E26: 外语（任选） | F26: 科学（任选） | G26: 科学（任选） | H26: 科学（任选） | J26: 1 | K26: 会计学 | L26: 法证学 | M26: 法律 | N26: 药学
A27: 社会工作者或刑事司法 | B27: 行政 | C27: 犯罪学 | D27: 法证学 | E27: 外语（任选） | F27: 人源情报 | G27: 法律 | H27: 说服 | I27: 搜寻
A28: 陆军或海军陆战队 | B28: 警觉 | C28: 炮术 | D28: 运动 | E28: 机动车驾驶 | F28: 射击 | G28: 重型武器 | H28: 军事科学（陆军） | I28: 徒手搏斗
A29: 翻译 | B29: 人类学 | C29: 外语（任选） | D29: 外语（任选） | E29: 外语（任选） | F29: 历史 | G29: 人源情报 | H29: 说服 | I29: 另一项个人特长
A30: 城市探险家 | B30: 警觉 | C30: 运动 | D30: 工艺（任选） | E30: 法律 | F30: 导航 | G30: 说服 | H30: 搜寻 | I30: 潜藏

Sheet 子技能
A1: 艺术 | C1: 工艺 | E1: 军事科学 | G1: 特种载具 | I1: 科学
A2: 演艺 | C2: 电工 | E2: 陆军 | G2: 飞机 | I2: 天文学
A3: 创意写作 | C3: 电子 | E3: 空军 | G3: 无人机 | I3: 生物学
A4: 造假 | C4: 机械 | E4: 海军 | G4: 直升机 | I4: 植物学
A5: 绘画 | C5: 锁匠 | G5: 小船 | I5: 化学
A6: 舞蹈 | C6: 枪匠 | G6: 大船 | I6: 工程学
A7: 唱歌 | C7: 木工 | G7: 航天飞机 | I7: 基因科学
A8: 雕塑 | C8: 建筑学 | G8: 宇航服 | I8: 地质学
A9: 小提琴 | C9: 微电子 | G9: 飞行器 | I9: 数学
A10: 摄像 | C10: 管道工 | I10: 气象学
A11: 摄影 | C11: 金属加工 | I11: 物理学
C12: 训犬 | I12: 行星科学
C13: 工程 | I13: 动物学
C14: 电子学 | I14: 微生物学
I15: 环境学
I16: 生态学
I17: 免疫学
I18: 海洋生物学
I19: 兽医学
I20: 逻辑学
I21: 地理学
I22: 核物理学
I23: 天体物理学
I24: 弹道学
I25: 系统论
I26: 量子理论
I27: 航空工程

Sheet 附表
A1: 计入暂降后的数值 | D1: 重要关系
A2: STR | B2: =IF(ISBLANK(人物卡!AN3),人物卡!AN3,人物卡!AN3) -> 0 | D2: =人物卡!ED24 -> 0
A3: CON | B3: =IF(ISBLANK(人物卡!AN4),人物卡!AN4,人物卡!AN4) -> 0 | D3: =人物卡!ED27 -> 0
A4: DEX | B4: =IF(ISBLANK(人物卡!AN5),人物卡!AN5,人物卡!AN5) -> 0 | D4: =人物卡!ED30 -> 0
A5: INT | B5: =IF(ISBLANK(人物卡!AN6),人物卡!AN6,人物卡!AN6) -> 0 | D5: =人物卡!ED33
A6: POW | B6: =IF(ISBLANK(人物卡!AN7),人物卡!AN7,人物卡!AN7) -> 0 | D6: =人物卡!ED36
A7: CHA | B7: =IF(ISBLANK(人物卡!AN8),人物卡!AN8,人物卡!AN8) -> 0 | D7: =人物卡!ED39
A11: 职业选择 | C11: 实际模板 | D11: =IF(G11,INDEX(H63:H82,MATCH(IF(A63=1,B62,人物卡!H47),G63:G82,0)),A15) -> （创建新职业） | F11: 初步有子模板 | G11: =B62<>0 -> FALSE | H11: 最终有子模板 | I11: =AND(G11,A63>1) -> FALSE
A12: 总模板号 | B12: =MATCH(人物卡!$H$46,职业列表!A2:A505,0) -> 1 | C12: 实际模板号 | D12: =MATCH(D11,职业列表!A2:A505,0) -> 1 | H12: 正确模板 | I12: =IFERROR(AND(NOT(ISNA(D11)),OR(NOT(I11),COUNTIF(B62:B65,人物卡!H47)>0)),FALSE) -> TRUE
A15: {=INDEX(职业列表!A2:A505,$B$12)} -> （创建新职业） | B15: {=INDEX(职业列表!B2:B505,$B$12)} -> 0 | C15: {=INDEX(职业列表!C2:C505,$B$12)} -> ≤4 | D15: {=INDEX(职业列表!D2:D505,$B$12)} -> 任选10个本职技能，分配350 | E15: {=INDEX(职业列表!E2:E505,$B$12)} -> 技能点，额外加在基础值上， | F15: {=INDEX(职业列表!F2:F505,$B$12)} -> 最高至60%。重要关系自4个开 | G15: {=INDEX(职业列表!G2:G505,$B$12)} -> 始每少一个（最少1个），增 | H15: {=INDEX(职业列表!H2:H505,$B$12)} -> 加50本职技能点。 | ... AX15: {=INDEX(职业列表!AX2:AX505,$B$12)} -> 0
A16: {=INDEX(职业列表!A2:A505,$D$12)} -> （创建新职业） | B16: {=INDEX(职业列表!B2:B505,$D$12)} -> 0 | C16: {=INDEX(职业列表!C2:C505,$D$12)} -> ≤4 | D16: {=INDEX(职业列表!D2:D505,$D$12)} -> 任选10个本职技能，分配350 | E16: {=INDEX(职业列表!E2:E505,$D$12)} -> 技能点，额外加在基础值上， | F16: {=INDEX(职业列表!F2:F505,$D$12)} -> 最高至60%。重要关系自4个开 | G16: {=INDEX(职业列表!G2:G505,$D$12)} -> 始每少一个（最少1个），增 | H16: {=INDEX(职业列表!H2:H505,$D$12)} -> 加50本职技能点。 | ... AX16: {=INDEX(职业列表!AX2:AX505,$D$12)} -> 0
A19: 职业技能列 | C19: 自由： | D19: =T16 -> 0 | F19: 推荐： | I19: 特殊 | K19: =INDEX(K20:K26,MATCH(1,I20:I26,0)) -> （自定义职业请在掌局者同意后商议定制）
A20: {=TRANSPOSE(D16:S16)} -> 任选10个本职技能，分配350 | D20: {=TRANSPOSE(U16:AE16)} -> 0 | F20: {=TRANSPOSE(AJ15:AM15)} -> 0 | I20: =COUNTIF($A$16,J20&"*") -> 0 | J20: 【额外】 | K20: （额外职业并非典型的DG新人职业，一队中不应过多，请与掌局者商议后选择）
A21: 技能点，额外加在基础值上， | D21: 0 | F21: 0 | I21: =COUNTIF($A$16,J21&"*") -> 1 | J21: （创建新职业） | K21: （自定义职业请在掌局者同意后商议定制）
A22: 最高至60%。重要关系自4个开 | D22: 0 | F22: 0
A23: 始每少一个（最少1个），增 | D23: 0 | F23: 0
A24: 加50本职技能点。 | D24: 0
A25: 0 | D25: 0
A26: 0 | D26: 0 | I26: =COUNTIF(A23,J26&"*") -> 1 | K26: =""
A27: 0 | D27: 0 | K27: =""
A28: 0 | D28: 0
A29: 0 | D29: 0
A30: 0 | D30: 0
A31: 0
A32: 0
A33: 0
A34: 0
A35: 0
A36: 自定义职业描述： | G36: 自选额外技能描述
A37: 任选10个本职技能，分配350 | G37: 选择8个技能（除了非自
A38: 技能点，额外加在基础值上， | G38: 然知识），为每一个加上
A39: 最高至60%。重要关系自4个开 | G39: 20点。不能超过80%。可
A40: 始每少一个（最少1个），增 | G40: 重复选择。
A41: 加50本职技能点。
A45: 额外技能包选择 | C45: =MATCH(人物卡!$BW$46,额外技能包!A2:A30,0) -> 1
A46: {=INDEX(额外技能包!A$2:A$30,$C$45)} -> （自选） | B46: {=INDEX(额外技能包!B$2:B$30,$C$45)} -> 选择8个技能（除了非自 | C46: {=INDEX(额外技能包!C$2:C$30,$C$45)} -> 然知识），为每一个加上 | D46: {=INDEX(额外技能包!D$2:D$30,$C$45)} -> 20点。不能超过80%。可 | E46: {=INDEX(额外技能包!E$2:E$30,$C$45)} -> 重复选择。 | F46: {=INDEX(额外技能包!F$2:F$30,$C$45)} -> 0 | G46: {=INDEX(额外技能包!G$2:G$30,$C$45)} -> 0 | H46: {=INDEX(额外技能包!H$2:H$30,$C$45)} -> 0 | ... Y46: {=INDEX(额外技能包!Y$2:Y$30,$C$45)} -> 0
A48: 额外技能包列 | D48: =J46 -> 0
A49: {=TRANSPOSE(B46:I46)} -> 选择8个技能（除了非自 | D49: {=TRANSPOSE(K46:U46)} -> 0
A50: 然知识），为每一个加上 | D50: 0
A51: 20点。不能超过80%。可 | D51: 0
A52: 重复选择。 | D52: 0
A53: 0 | D53: 0
A54: 0 | D54: 0
A55: 0 | D55: 0
A56: 0 | D56: 0
D57: 0
D58: 0
D59: 0
A62: 子模板： | B62: {=TRANSPOSE(AF15:AI15)} -> 0 | G62: 子模板映射 | L62: 参见《特工手册》的“本职装备：联邦探员”
A63: =COUNTIF(B62:B65,"<>0") -> 0 | B63: 0 | G63: 联邦探员 | H63: =职业列表!A10 -> 联邦探员 | L63: 参见《特工手册》的“本职装备：特警部队”
B64: 0 | G64: 情报分析员 | H64: =职业列表!A17 -> 【额外】情报分析员 | L64: 参见《特工手册》的“本职装备：警局警员”
B65: 0 | G65: 情报官员 | H65: =职业列表!A18 -> 【额外】情报官员 | L65: 参见《特工手册》的“本职装备：特种作战员”
G66: 医生 | H66: =职业列表!A11 -> 医生 | L66: （参见《特工手册》的“项目群经理”）
G67: 科学家 | H67: =职业列表!A12 -> 科学家
G68: 计算机科学家 | H68: =职业列表!A9 -> 计算机科学家或工程师
G69: 警察 | H69: =职业列表!A23 -> 【额外】警察
G70: 人类学家或历史学家 | H70: =职业列表!A8 -> 人类学家或历史学家
G71: 律师 | H71: =职业列表!A19 -> 【额外】律师或商务主管
G72: 项目群经理 | H72: =职业列表!A24 -> 【额外】项目群经理
G73: 媒体专家 | H73: =职业列表!A20 -> 【额外】媒体专家
G74: 士兵 | H74: =职业列表!A25 -> 【额外】士兵或海军陆战队员
G75: 特种作战员 | H75: =职业列表!A25 -> 【额外】士兵或海军陆战队员
G76: 飞行员 | H76: =职业列表!A22 -> 【额外】飞行员或水手
G77: 计算机科学家或工程师 | H77: =职业列表!A9 -> 计算机科学家或工程师
G78: 外事官员 | H78: =职业列表!A16 -> 【额外】外事官员
G79: 护士 | H79: 【额外】护士或护理人员
G80: 律师或商务主管 | H80: 【额外】律师或商务主管
A83: 创伤背景 | B83: =MATCH(IF(人物卡!DF46="","（无）",人物卡!DF46),A84:A88,0) -> 1
A84: （无） | B84: =" " | C84: =" " | D84: =" " | E84: =" " | F84: =" " | G84: =" " | H84: =" "
A85: 极端暴力 | B85: 神秘学+10% | C85: 理智-5 | D85: 魅力-3 | E85: 因魅力降低，每个重要关系值-3 | F85: 适应暴力行为 | G85: 与掌局者商讨背景细节
A86: 关押或入狱 | B86: 神秘学+10% | C86: 理智-5 | D86: 意志-3（不影响理智） | E86: 适应无助感 | F86: =G85 -> 与掌局者商讨背景细节 | G86: =" "
A87: 艰苦经历 | B87: 神秘学+10% | C87: 理智-5 | D87: 再选5个技能+10%（非自然知识除外） | E87: （可提升至最多90%） | F87: 移除一个重要关系 | G87: =G85 -> 与掌局者商讨背景细节
A88: 人类不应知道之事 | B88: 神秘学+20% | C88: 非自然知识+10% | D88: 从理智中扣除意志 | E88: 崩溃点重置至新理智减去意志 | F88: 罹患一项由非自然现象引起的精神疾病 | G88: =G85 -> 与掌局者商讨背景细节
B89: =VLOOKUP(IF(人物卡!$DF$46="","（无）",人物卡!$DF$46),$A$84:$G$88,2,FALSE) | C89: =VLOOKUP(IF(人物卡!$DF$46="","（无）",人物卡!$DF$46),$A$84:$G$88,3,FALSE) | D89: =VLOOKUP(IF(人物卡!$DF$46="","（无）",人物卡!$DF$46),$A$84:$G$88,4,FALSE) | E89: =VLOOKUP(IF(人物卡!$DF$46="","（无）",人物卡!$DF$46),$A$84:$G$88,5,FALSE) | F89: =VLOOKUP(IF(人物卡!$DF$46="","（无）",人物卡!$DF$46),$A$84:$G$88,6,FALSE) | G89: =VLOOKUP(IF(人物卡!$DF$46="","（无）",人物卡!$DF$46),$A$84:$G$88,7,FALSE)
A92: 人物卡输出
A93: =人物卡!AB3 -> 力量 | C93: =人物卡!AK3 -> 0 | D93: =IF(LEN(B93)=0,A93,MID(B93,2,LEN(B93)-2)) -> 力量 | E93: =IF(C93>0,D93&C93,"")
A94: =人物卡!AB4 -> 体质 | C94: =人物卡!AK4 -> 0 | D94: =IF(LEN(B94)=0,A94,MID(B94,2,LEN(B94)-2)) -> 体质 | E94: =IF(C94>0,D94&C94,"")
A95: =人物卡!AB5 -> 敏捷 | C95: =人物卡!AK5 -> 0 | D95: =IF(LEN(B95)=0,A95,MID(B95,2,LEN(B95)-2)) -> 敏捷 | E95: =IF(C95>0,D95&C95,"")
A96: =人物卡!AB6 -> 智力 | C96: =人物卡!AK6 -> 0 | D96: =IF(LEN(B96)=0,A96,MID(B96,2,LEN(B96)-2)) -> 智力 | E96: =IF(C96>0,D96&C96,"")
A97: =人物卡!AB7 -> 意志 | C97: =人物卡!AK7 -> 0 | D97: =IF(LEN(B97)=0,A97,MID(B97,2,LEN(B97)-2)) -> 意志 | E97: =IF(C97>0,D97&C97,"")
A98: =人物卡!AB8 -> 魅力 | C98: =人物卡!AK8 -> 0 | D98: =IF(LEN(B98)=0,A98,MID(B98,2,LEN(B98)-2)) -> 魅力 | E98: =IF(C98>0,D98&C98,"")
A99: 体力 | C99: =人物卡!H10 -> 0 | D99: =IF(LEN(B99)=0,A99,MID(B99,2,LEN(B99)-2)) -> 体力 | E99: =IF(C99>0,D99&C99,"")
A100: 毅力 | C100: =人物卡!V10 -> 0 | D100: =IF(LEN(B100)=0,A100,MID(B100,2,LEN(B100)-2)) -> 毅力 | E100: =IF(C100>0,D100&C100,"")
A101: 理智 | C101: =人物卡!AH10 -> 0 | D101: =IF(LEN(B101)=0,A101,MID(B101,2,LEN(B101)-2)) -> 理智 | E101: =IF(C101>0,D101&C101,"")
A102: 崩溃点 | C102: =人物卡!AU10 -> 0 | D102: =IF(LEN(B102)=0,A102,MID(B102,2,LEN(B102)-2)) -> 崩溃点 | E102: =IF(C102>0,D102&C102,"")
A103: {=SUBSTITUTE(人物卡!D14:D43,"：","")} -> 会计学 | B103: =IF(ISBLANK(人物卡!J14),"","（"&人物卡!J14&"）") | C103: =人物卡!P14 -> 10 | D103: =IF(LEN(B103)=0,A103,MID(B103,2,LEN(B103)-2)) -> 会计学 | E103: =IF(C103>0,D103&C103,"") -> 会计学10
A104: 警觉 | B104: =IF(ISBLANK(人物卡!J15),"","（"&人物卡!J15&"）") | C104: =人物卡!P15 -> 20 | D104: =IF(LEN(B104)=0,A104,MID(B104,2,LEN(B104)-2)) -> 警觉 | E104: =IF(C104>0,D104&C104,"") -> 警觉20
A105: 人类学 | B105: =IF(ISBLANK(人物卡!J16),"","（"&人物卡!J16&"）") | C105: =人物卡!P16 -> 0 | D105: =IF(LEN(B105)=0,A105,MID(B105,2,LEN(B105)-2)) -> 人类学 | E105: =IF(C105>0,D105&C105,"")
A106: 考古学 | B106: =IF(ISBLANK(人物卡!J17),"","（"&人物卡!J17&"）") | C106: =人物卡!P17 -> 0 | D106: =IF(LEN(B106)=0,A106,MID(B106,2,LEN(B106)-2)) -> 考古学 | E106: =IF(C106>0,D106&C106,"")
A107: 艺术 | B107: =IF(ISBLANK(人物卡!J18),"","（"&人物卡!J18&"）") -> （） | C107: =人物卡!P18 -> 0 | D107: =IF(LEN(B107)=0,A107,MID(B107,2,LEN(B107)-2)) | E107: =IF(C107>0,D107&C107,"")
A108: 艺术 | B108: =IF(ISBLANK(人物卡!J19),"","（"&人物卡!J19&"）") -> （） | C108: =人物卡!P19 -> 0 | D108: =IF(LEN(B108)=0,A108,MID(B108,2,LEN(B108)-2)) | E108: =IF(C108>0,D108&C108,"")
A109: 艺术 | B109: =IF(ISBLANK(人物卡!J20),"","（"&人物卡!J20&"）") -> （） | C109: =人物卡!P20 -> 0 | D109: =IF(LEN(B109)=0,A109,MID(B109,2,LEN(B109)-2)) | E109: =IF(C109>0,D109&C109,"")
A110: 炮术 | B110: =IF(ISBLANK(人物卡!J21),"","（"&人物卡!J21&"）") | C110: =人物卡!P21 -> 0 | D110: =IF(LEN(B110)=0,A110,MID(B110,2,LEN(B110)-2)) -> 炮术 | E110: =IF(C110>0,D110&C110,"")
A111: 运动 | B111: =IF(ISBLANK(人物卡!J22),"","（"&人物卡!J22&"）") | C111: =人物卡!P22 -> 30 | D111: =IF(LEN(B111)=0,A111,MID(B111,2,LEN(B111)-2)) -> 运动 | E111: =IF(C111>0,D111&C111,"") -> 运动30
A112: 行政 | B112: =IF(ISBLANK(人物卡!J23),"","（"&人物卡!J23&"）") | C112: =人物卡!P23 -> 10 | D112: =IF(LEN(B112)=0,A112,MID(B112,2,LEN(B112)-2)) -> 行政 | E112: =IF(C112>0,D112&C112,"") -> 行政10
A113: 计算机科学 | B113: =IF(ISBLANK(人物卡!J24),"","（"&人物卡!J24&"）") | C113: =人物卡!P24 -> 0 | D113: =IF(LEN(B113)=0,A113,MID(B113,2,LEN(B113)-2)) -> 计算机科学 | E113: =IF(C113>0,D113&C113,"")
A114: 工艺 | B114: =IF(ISBLANK(人物卡!J25),"","（"&人物卡!J25&"）") -> （） | C114: =人物卡!P25 -> 0 | D114: =IF(LEN(B114)=0,A114,MID(B114,2,LEN(B114)-2)) | E114: =IF(C114>0,D114&C114,"")
A115: 工艺 | B115: =IF(ISBLANK(人物卡!J26),"","（"&人物卡!J26&"）") -> （） | C115: =人物卡!P26 -> 0 | D115: =IF(LEN(B115)=0,A115,MID(B115,2,LEN(B115)-2)) | E115: =IF(C115>0,D115&C115,"")
... A132: 人源情报 | B132: =IF(ISBLANK(人物卡!J43),"","（"&人物卡!J43&"）") | C132: =人物卡!P43 -> 10 | D132: =IF(LEN(B132)=0,A132,MID(B132,2,LEN(B132)-2)) -> 人源情报 | E132: =IF(C132>0,D132&C132,"") -> 人源情报10
A133: {=SUBSTITUTE(人物卡!AG14:AG43,"：","")} -> 法律 | B133: =IF(ISBLANK(人物卡!AM14),"","（"&人物卡!AM14&"）") | C133: =人物卡!AS14 -> 0 | D133: =IF(LEN(B133)=0,A133,MID(B133,2,LEN(B133)-2)) -> 法律 | E133: =IF(C133>0,D133&C133,"")
...

Sheet 职业选项
S1: 当前模板原始行 | T1: =IFERROR(MATCH(附表!$D$11,职业列表!$A$1:$A$106,0),2) -> 2
A2: =IF(INDEX($C$1:$C$1611,$T$2+0)="","",INDEX($C$1:$C$1611,$T$2+0)) | B2: =IF(INDEX($D$1:$D$1611,$T$2+0)="","",INDEX($D$1:$D$1611,$T$2+0)) -> fixed | C2: =IF(INDEX($E$1:$E$1611,$T$2+0)="","",INDEX($E$1:$E$1611,$T$2+0)) | D2: =INDEX($F$1:$F$1611,$T$2+0) -> 0 | E2: =IF(INDEX($G$1:$G$1611,$T$2+0)="","",INDEX($G$1:$G$1611,$T$2+0)) | F2: =IF(INDEX($H$1:$H$1611,$T$2+0)="","",INDEX($H$1:$H$1611,$T$2+0)) | G2: =IF(INDEX($I$1:$I$1611,$T$2+0)="","",INDEX($I$1:$I$1611,$T$2+0)) | H2: =IF(INDEX($J$1:$J$1611,$T$2+0)="","",INDEX($J$1:$J$1611,$T$2+0)) | I2: =IF(INDEX($K$1:$K$1611,$T$2+0)="","",INDEX($K$1:$K$1611,$T$2+0)) | J2: =IF(P2="","",IF(COUNTBLANK(INDIRECT("'人物卡'!"&P2))>0,"",TRIM(INDIRECT("'人物卡'!"&P2)))) | K2: =IF(P2="",G2,IF(E2="skill",IF(AND(J2<>"",ISNUMBER(FIND("|"&J2&"|","|"&H2&"|"))),J2,""),IF(E2="any",IF(AND(J2<>"",J2<>"0",ISERROR(FIND("任选",J2)),ISERROR(FIND("（",J2)),ISERROR(FIND("）",J2))),C2&"（"&J2&"）",""),IF(E2="limited",IF(AND(J2<>"",ISNUMBER(FIND("|"&J2&"|","|"&H2&"|"))),C2&"（"&J2&"）",""),IF(J2=F2,G2,""))))) | L2: =AND(A2<>"",TRUE) -> FALSE | M2: =AND(L2,K2<>"",COUNTIFS($K$2:$K$17,K2,$L$2:$L$17,TRUE)>1) -> FALSE | N2: =IF(A2="","",IF(NOT(L2),"未勾选",IF(E2="unknown","原文名称异常",IF(K2="","请在主卡填写／修正细项",IF(M2,"重复技能",IF(O2>0,"已计入","超选：暂不计入")))))) | O2: =IF(AND(附表!$I$12,L2,K2<>"",NOT(M2),TRUE),D2,0) -> 0 | P2: =IF(AND(C2="工艺",E2="",F2<>""),IF(AND(I2="工艺1",TRIM(人物卡!J25)=F2),"J25",IF(AND(I2="工艺2",TRIM(人物卡!J26)=F2),"J26",IF(AND(I2="工艺3",TRIM(人物卡!J27)=F2),"J27",IF(AND(I2="工艺4",TRIM(人物卡!J28)=F2),"J28",IF(TRIM(人物卡!J25)=F2,"J25",IF(TRIM(人物卡!J26)=F2,"J26",IF(TRIM(人物卡!J27)=F2,"J27",IF(TRIM(人物卡!J28)=F2,"J28",IF(INDEX($L$1:$L$1611,$T$2+0)="","",INDEX($L$1:$L$1611,$T$2+0)))))))))),IF(INDEX($L$1:$L$1611,$T$2+0)="","",INDEX($L$1:$L$1611,$T$2+0))) | Q2: =IF(INDEX($M$1:$M$1611,$T$2+0)="","",INDEX($M$1:$M$1611,$T$2+0)) -> D2 | R2: =INDEX($N$1:$N$1611,$T$2+0) -> FALSE | T2: =IFERROR(MATCH(T1,$A$100:$A$1611,0)+99,100) -> 100 | Z2: =AND(附表!$I$12,A18<>"",人物卡!P49="☑") -> FALSE | AA2: ☐
A3: =IF(INDEX($C$1:$C$1611,$T$2+1)="","",INDEX($C$1:$C$1611,$T$2+1)) | B3: =IF(INDEX($D$1:$D$1611,$T$2+1)="","",INDEX($D$1:$D$1611,$T$2+1)) -> fixed | C3: =IF(INDEX($E$1:$E$1611,$T$2+1)="","",INDEX($E$1:$E$1611,$T$2+1)) | D3: =INDEX($F$1:$F$1611,$T$2+1) -> 0 | E3: =IF(INDEX($G$1:$G$1611,$T$2+1)="","",INDEX($G$1:$G$1611,$T$2+1)) | F3: =IF(INDEX($H$1:$H$1611,$T$2+1)="","",INDEX($H$1:$H$1611,$T$2+1)) | G3: =IF(INDEX($I$1:$I$1611,$T$2+1)="","",INDEX($I$1:$I$1611,$T$2+1)) | H3: =IF(INDEX($J$1:$J$1611,$T$2+1)="","",INDEX($J$1:$J$1611,$T$2+1)) | I3: =IF(INDEX($K$1:$K$1611,$T$2+1)="","",INDEX($K$1:$K$1611,$T$2+1)) | J3: =IF(P3="","",IF(COUNTBLANK(INDIRECT("'人物卡'!"&P3))>0,"",TRIM(INDIRECT("'人物卡'!"&P3)))) | K3: =IF(P3="",G3,IF(E3="skill",IF(AND(J3<>"",ISNUMBER(FIND("|"&J3&"|","|"&H3&"|"))),J3,""),IF(E3="any",IF(AND(J3<>"",J3<>"0",ISERROR(FIND("任选",J3)),ISERROR(FIND("（",J3)),ISERROR(FIND("）",J3))),C3&"（"&J3&"）",""),IF(E3="limited",IF(AND(J3<>"",ISNUMBER(FIND("|"&J3&"|","|"&H3&"|"))),C3&"（"&J3&"）",""),IF(J3=F3,G3,""))))) | L3: =AND(A3<>"",TRUE) -> FALSE | M3: =AND(L3,K3<>"",COUNTIFS($K$2:$K$17,K3,$L$2:$L$17,TRUE)>1) -> FALSE | N3: =IF(A3="","",IF(NOT(L3),"未勾选",IF(E3="unknown","原文名称异常",IF(K3="","请在主卡填写／修正细项",IF(M3,"重复技能",IF(O3>0,"已计入","超选：暂不计入")))))) | O3: =IF(AND(附表!$I$12,L3,K3<>"",NOT(M3),TRUE),D3,0) -> 0 | P3: =IF(AND(C3="工艺",E3="",F3<>""),IF(AND(I3="工艺1",TRIM(人物卡!J25)=F3),"J25",IF(AND(I3="工艺2",TRIM(人物卡!J26)=F3),"J26",IF(AND(I3="工艺3",TRIM(人物卡!J27)=F3),"J27",IF(AND(I3="工艺4",TRIM(人物卡!J28)=F3),"J28",IF(TRIM(人物卡!J25)=F3,"J25",IF(TRIM(人物卡!J26)=F3,"J26",IF(TRIM(人物卡!J27)=F3,"J27",IF(TRIM(人物卡!J28)=F3,"J28",IF(INDEX($L$1:$L$1611,$T$2+1)="","",INDEX($L$1:$L$1611,$T$2+1)))))))))),IF(INDEX($L$1:$L$1611,$T$2+1)="","",INDEX($L$1:$L$1611,$T$2+1))) | Q3: =IF(INDEX($M$1:$M$1611,$T$2+1)="","",INDEX($M$1:$M$1611,$T$2+1)) -> E2 | R3: =INDEX($N$1:$N$1611,$T$2+1) -> FALSE | S3: 任选数量 | T3: =IFERROR(INDEX(职业列表!$T$1:$T$106,T1),0) -> 0 | Z3: =AND(附表!$I$12,A19<>"",人物卡!P50="☑") -> FALSE | AA3: ☑
A4: =IF(INDEX($C$1:$C$1611,$T$2+2)="","",INDEX($C$1:$C$1611,$T$2+2)) | B4: =IF(INDEX($D$1:$D$1611,$T$2+2)="","",INDEX($D$1:$D$1611,$T$2+2)) -> fixed | C4: =IF(INDEX($E$1:$E$1611,$T$2+2)="","",INDEX($E$1:$E$1611,$T$2+2)) | D4: =INDEX($F$1:$F$1611,$T$2+2) -> 0 | E4: =IF(INDEX($G$1:$G$1611,$T$2+2)="","",INDEX($G$1:$G$1611,$T$2+2)) | F4: =IF(INDEX($H$1:$H$1611,$T$2+2)="","",INDEX($H$1:$H$1611,$T$2+2)) | G4: =IF(INDEX($I$1:$I$1611,$T$2+2)="","",INDEX($I$1:$I$1611,$T$2+2)) | H4: =IF(INDEX($J$1:$J$1611,$T$2+2)="","",INDEX($J$1:$J$1611,$T$2+2)) | I4: =IF(INDEX($K$1:$K$1611,$T$2+2)="","",INDEX($K$1:$K$1611,$T$2+2)) | J4: =IF(P4="","",IF(COUNTBLANK(INDIRECT("'人物卡'!"&P4))>0,"",TRIM(INDIRECT("'人物卡'!"&P4)))) | K4: =IF(P4="",G4,IF(E4="skill",IF(AND(J4<>"",ISNUMBER(FIND("|"&J4&"|","|"&H4&"|"))),J4,""),IF(E4="any",IF(AND(J4<>"",J4<>"0",ISERROR(FIND("任选",J4)),ISERROR(FIND("（",J4)),ISERROR(FIND("）",J4))),C4&"（"&J4&"）",""),IF(E4="limited",IF(AND(J4<>"",ISNUMBER(FIND("|"&J4&"|","|"&H4&"|"))),C4&"（"&J4&"）",""),IF(J4=F4,G4,""))))) | L4: =AND(A4<>"",TRUE) -> FALSE | M4: =AND(L4,K4<>"",COUNTIFS($K$2:$K$17,K4,$L$2:$L$17,TRUE)>1) -> FALSE | N4: =IF(A4="","",IF(NOT(L4),"未勾选",IF(E4="unknown","原文名称异常",IF(K4="","请在主卡填写／修正细项",IF(M4,"重复技能",IF(O4>0,"已计入","超选：暂不计入")))))) | O4: =IF(AND(附表!$I$12,L4,K4<>"",NOT(M4),TRUE),D4,0) -> 0 | P4: =IF(AND(C4="工艺",E4="",F4<>""),IF(AND(I4="工艺1",TRIM(人物卡!J25)=F4),"J25",IF(AND(I4="工艺2",TRIM(人物卡!J26)=F4),"J26",IF(AND(I4="工艺3",TRIM(人物卡!J27)=F4),"J27",IF(AND(I4="工艺4",TRIM(人物卡!J28)=F4),"J28",IF(TRIM(人物卡!J25)=F4,"J25",IF(TRIM(人物卡!J26)=F4,"J26",IF(TRIM(人物卡!J27)=F4,"J27",IF(TRIM(人物卡!J28)=F4,"J28",IF(INDEX($L$1:$L$1611,$T$2+2)="","",INDEX($L$1:$L$1611,$T$2+2)))))))))),IF(INDEX($L$1:$L$1611,$T$2+2)="","",INDEX($L$1:$L$1611,$T$2+2))) | Q4: =IF(INDEX($M$1:$M$1611,$T$2+2)="","",INDEX($M$1:$M$1611,$T$2+2)) -> F2 | R4: =INDEX($N$1:$N$1611,$T$2+2) -> FALSE | S4: 已勾数量 | T4: =COUNTIFS($L$18:$L$28,TRUE,$A$18:$A$28,"<>") -> 0 | Z4: =AND(附表!$I$12,A20<>"",人物卡!P51="☑") -> FALSE
A5: =IF(INDEX($C$1:$C$1611,$T$2+3)="","",INDEX($C$1:$C$1611,$T$2+3)) | B5: =IF(INDEX($D$1:$D$1611,$T$2+3)="","",INDEX($D$1:$D$1611,$T$2+3)) -> fixed | C5: =IF(INDEX($E$1:$E$1611,$T$2+3)="","",INDEX($E$1:$E$1611,$T$2+3)) | D5: =INDEX($F$1:$F$1611,$T$2+3) -> 0 | E5: =IF(INDEX($G$1:$G$1611,$T$2+3)="","",INDEX($G$1:$G$1611,$T$2+3)) | F5: =IF(INDEX($H$1:$H$1611,$T$2+3)="","",INDEX($H$1:$H$1611,$T$2+3)) | G5: =IF(INDEX($I$1:$I$1611,$T$2+3)="","",INDEX($I$1:$I$1611,$T$2+3)) | H5: =IF(INDEX($J$1:$J$1611,$T$2+3)="","",INDEX($J$1:$J$1611,$T$2+3)) | I5: =IF(INDEX($K$1:$K$1611,$T$2+3)="","",INDEX($K$1:$K$1611,$T$2+3)) | J5: =IF(P5="","",IF(COUNTBLANK(INDIRECT("'人物卡'!"&P5))>0,"",TRIM(INDIRECT("'人物卡'!"&P5)))) | K5: =IF(P5="",G5,IF(E5="skill",IF(AND(J5<>"",ISNUMBER(FIND("|"&J5&"|","|"&H5&"|"))),J5,""),IF(E5="any",IF(AND(J5<>"",J5<>"0",ISERROR(FIND("任选",J5)),ISERROR(FIND("（",J5)),ISERROR(FIND("）",J5))),C5&"（"&J5&"）",""),IF(E5="limited",IF(AND(J5<>"",ISNUMBER(FIND("|"&J5&"|","|"&H5&"|"))),C5&"（"&J5&"）",""),IF(J5=F5,G5,""))))) | L5: =AND(A5<>"",TRUE) -> FALSE | M5: =AND(L5,K5<>"",COUNTIFS($K$2:$K$17,K5,$L$2:$L$17,TRUE)>1) -> FALSE | N5: =IF(A5="","",IF(NOT(L5),"未勾选",IF(E5="unknown","原文名称异常",IF(K5="","请在主卡填写／修正细项",IF(M5,"重复技能",IF(O5>0,"已计入","超选：暂不计入")))))) | O5: =IF(AND(附表!$I$12,L5,K5<>"",NOT(M5),TRUE),D5,0) -> 0 | P5: =IF(AND(C5="工艺",E5="",F5<>""),IF(AND(I5="工艺1",TRIM(人物卡!J25)=F5),"J25",IF(AND(I5="工艺2",TRIM(人物卡!J26)=F5),"J26",IF(AND(I5="工艺3",TRIM(人物卡!J27)=F5),"J27",IF(AND(I5="工艺4",TRIM(人物卡!J28)=F5),"J28",IF(TRIM(人物卡!J25)=F5,"J25",IF(TRIM(人物卡!J26)=F5,"J26",IF(TRIM(人物卡!J27)=F5,"J27",IF(TRIM(人物卡!J28)=F5,"J28",IF(INDEX($L$1:$L$1611,$T$2+3)="","",INDEX($L$1:$L$1611,$T$2+3)))))))))),IF(INDEX($L$1:$L$1611,$T$2+3)="","",INDEX($L$1:$L$1611,$T$2+3))) | Q5: =IF(INDEX($M$1:$M$1611,$T$2+3)="","",INDEX($M$1:$M$1611,$T$2+3)) -> G2 | R5: =INDEX($N$1:$N$1611,$T$2+3) -> FALSE | S5: 有效数量 | T5: =COUNTIF($O$18:$O$28,">0") -> 0 | Z5: =AND(附表!$I$12,A21<>"",人物卡!P52="☑") -> FALSE
A6: =IF(INDEX($C$1:$C$1611,$T$2+4)="","",INDEX($C$1:$C$1611,$T$2+4)) | B6: =IF(INDEX($D$1:$D$1611,$T$2+4)="","",INDEX($D$1:$D$1611,$T$2+4)) -> fixed | C6: =IF(INDEX($E$1:$E$1611,$T$2+4)="","",INDEX($E$1:$E$1611,$T$2+4)) | D6: =INDEX($F$1:$F$1611,$T$2+4) -> 0 | E6: =IF(INDEX($G$1:$G$1611,$T$2+4)="","",INDEX($G$1:$G$1611,$T$2+4)) | F6: =IF(INDEX($H$1:$H$1611,$T$2+4)="","",INDEX($H$1:$H$1611,$T$2+4)) | G6: =IF(INDEX($I$1:$I$1611,$T$2+4)="","",INDEX($I$1:$I$1611,$T$2+4)) | H6: =IF(INDEX($J$1:$J$1611,$T$2+4)="","",INDEX($J$1:$J$1611,$T$2+4)) | I6: =IF(INDEX($K$1:$K$1611,$T$2+4)="","",INDEX($K$1:$K$1611,$T$2+4)) | J6: =IF(P6="","",IF(COUNTBLANK(INDIRECT("'人物卡'!"&P6))>0,"",TRIM(INDIRECT("'人物卡'!"&P6)))) | K6: =IF(P6="",G6,IF(E6="skill",IF(AND(J6<>"",ISNUMBER(FIND("|"&J6&"|","|"&H6&"|"))),J6,""),IF(E6="any",IF(AND(J6<>"",J6<>"0",ISERROR(FIND("任选",J6)),ISERROR(FIND("（",J6)),ISERROR(FIND("）",J6))),C6&"（"&J6&"）",""),IF(E6="limited",IF(AND(J6<>"",ISNUMBER(FIND("|"&J6&"|","|"&H6&"|"))),C6&"（"&J6&"）",""),IF(J6=F6,G6,""))))) | L6: =AND(A6<>"",TRUE) -> FALSE | M6: =AND(L6,K6<>"",COUNTIFS($K$2:$K$17,K6,$L$2:$L$17,TRUE)>1) -> FALSE | N6: =IF(A6="","",IF(NOT(L6),"未勾选",IF(E6="unknown","原文名称异常",IF(K6="","请在主卡填写／修正细项",IF(M6,"重复技能",IF(O6>0,"已计入","超选：暂不计入")))))) | O6: =IF(AND(附表!$I$12,L6,K6<>"",NOT(M6),TRUE),D6,0) -> 0 | P6: =IF(AND(C6="工艺",E6="",F6<>""),IF(AND(I6="工艺1",TRIM(人物卡!J25)=F6),"J25",IF(AND(I6="工艺2",TRIM(人物卡!J26)=F6),"J26",IF(AND(I6="工艺3",TRIM(人物卡!J27)=F6),"J27",IF(AND(I6="工艺4",TRIM(人物卡!J28)=F6),"J28",IF(TRIM(人物卡!J25)=F6,"J25",IF(TRIM(人物卡!J26)=F6,"J26",IF(TRIM(人物卡!J27)=F6,"J27",IF(TRIM(人物卡!J28)=F6,"J28",IF(INDEX($L$1:$L$1611,$T$2+4)="","",INDEX($L$1:$L$1611,$T$2+4)))))))))),IF(INDEX($L$1:$L$1611,$T$2+4)="","",INDEX($L$1:$L$1611,$T$2+4))) | Q6: =IF(INDEX($M$1:$M$1611,$T$2+4)="","",INDEX($M$1:$M$1611,$T$2+4)) -> H2 | R6: =INDEX($N$1:$N$1611,$T$2+4) -> FALSE | S6: 待补固定细项 | T6: =SUMPRODUCT(--($A$2:$A$17<>""),--($P$2:$P$17<>""),--($O$2:$O$17=0)) -> 0 | Z6: =AND(附表!$I$12,A22<>"",人物卡!P53="☑") -> FALSE
A7: =IF(INDEX($C$1:$C$1611,$T$2+5)="","",INDEX($C$1:$C$1611,$T$2+5)) | B7: =IF(INDEX($D$1:$D$1611,$T$2+5)="","",INDEX($D$1:$D$1611,$T$2+5)) -> fixed | C7: =IF(INDEX($E$1:$E$1611,$T$2+5)="","",INDEX($E$1:$E$1611,$T$2+5)) | D7: =INDEX($F$1:$F$1611,$T$2+5) -> 0 | E7: =IF(INDEX($G$1:$G$1611,$T$2+5)="","",INDEX($G$1:$G$1611,$T$2+5)) | F7: =IF(INDEX($H$1:$H$1611,$T$2+5)="","",INDEX($H$1:$H$1611,$T$2+5)) | G7: =IF(INDEX($I$1:$I$1611,$T$2+5)="","",INDEX($I$1:$I$1611,$T$2+5)) | H7: =IF(INDEX($J$1:$J$1611,$T$2+5)="","",INDEX($J$1:$J$1611,$T$2+5)) | I7: =IF(INDEX($K$1:$K$1611,$T$2+5)="","",INDEX($K$1:$K$1611,$T$2+5)) | J7: =IF(P7="","",IF(COUNTBLANK(INDIRECT("'人物卡'!"&P7))>0,"",TRIM(INDIRECT("'人物卡'!"&P7)))) | K7: =IF(P7="",G7,IF(E7="skill",IF(AND(J7<>"",ISNUMBER(FIND("|"&J7&"|","|"&H7&"|"))),J7,""),IF(E7="any",IF(AND(J7<>"",J7<>"0",ISERROR(FIND("任选",J7)),ISERROR(FIND("（",J7)),ISERROR(FIND("）",J7))),C7&"（"&J7&"）",""),IF(E7="limited",IF(AND(J7<>"",ISNUMBER(FIND("|"&J7&"|","|"&H7&"|"))),C7&"（"&J7&"）",""),IF(J7=F7,G7,""))))) | L7: =AND(A7<>"",TRUE) -> FALSE | M7: =AND(L7,K7<>"",COUNTIFS($K$2:$K$17,K7,$L$2:$L$17,TRUE)>1) -> FALSE | N7: =IF(A7="","",IF(NOT(L7),"未勾选",IF(E7="unknown","原文名称异常",IF(K7="","请在主卡填写／修正细项",IF(M7,"重复技能",IF(O7>0,"已计入","超选：暂不计入")))))) | O7: =IF(AND(附表!$I$12,L7,K7<>"",NOT(M7),TRUE),D7,0) -> 0 | P7: =IF(AND(C7="工艺",E7="",F7<>""),IF(AND(I7="工艺1",TRIM(人物卡!J25)=F7),"J25",IF(AND(I7="工艺2",TRIM(人物卡!J26)=F7),"J26",IF(AND(I7="工艺3",TRIM(人物卡!J27)=F7),"J27",IF(AND(I7="工艺4",TRIM(人物卡!J28)=F7),"J28",IF(TRIM(人物卡!J25)=F7,"J25",IF(TRIM(人物卡!J26)=F7,"J26",IF(TRIM(人物卡!J27)=F7,"J27",IF(TRIM(人物卡!J28)=F7,"J28",IF(INDEX($L$1:$L$1611,$T$2+5)="","",INDEX($L$1:$L$1611,$T$2+5)))))))))),IF(INDEX($L$1:$L$1611,$T$2+5)="","",INDEX($L$1:$L$1611,$T$2+5))) | Q7: =IF(INDEX($M$1:$M$1611,$T$2+5)="","",INDEX($M$1:$M$1611,$T$2+5)) -> I2 | R7: =INDEX($N$1:$N$1611,$T$2+5) -> FALSE | T7: =COUNTIF($E$2:$E$28,"unknown") -> 0 | Z7: =AND(附表!$I$12,A23<>"",人物卡!P54="☑") -> FALSE
A8: =IF(INDEX($C$1:$C$1611,$T$2+6)="","",INDEX($C$1:$C$1611,$T$2+6)) | B8: =IF(INDEX($D$1:$D$1611,$T$2+6)="","",INDEX($D$1:$D$1611,$T$2+6)) -> fixed | C8: =IF(INDEX($E$1:$E$1611,$T$2+6)="","",INDEX($E$1:$E$1611,$T$2+6)) | D8: =INDEX($F$1:$F$1611,$T$2+6) -> 0 | E8: =IF(INDEX($G$1:$G$1611,$T$2+6)="","",INDEX($G$1:$G$1611,$T$2+6)) | F8: =IF(INDEX($H$1:$H$1611,$T$2+6)="","",INDEX($H$1:$H$1611,$T$2+6)) | G8: =IF(INDEX($I$1:$I$1611,$T$2+6)="","",INDEX($I$1:$I$1611,$T$2+6)) | H8: =IF(INDEX($J$1:$J$1611,$T$2+6)="","",INDEX($J$1:$J$1611,$T$2+6)) | I8: =IF(INDEX($K$1:$K$1611,$T$2+6)="","",INDEX($K$1:$K$1611,$T$2+6)) | J8: =IF(P8="","",IF(COUNTBLANK(INDIRECT("'人物卡'!"&P8))>0,"",TRIM(INDIRECT("'人物卡'!"&P8)))) | K8: =IF(P8="",G8,IF(E8="skill",IF(AND(J8<>"",ISNUMBER(FIND("|"&J8&"|","|"&H8&"|"))),J8,""),IF(E8="any",IF(AND(J8<>"",J8<>"0",ISERROR(FIND("任选",J8)),ISERROR(FIND("（",J8)),ISERROR(FIND("）",J8))),C8&"（"&J8&"）",""),IF(E8="limited",IF(AND(J8<>"",ISNUMBER(FIND("|"&J8&"|","|"&H8&"|"))),C8&"（"&J8&"）",""),IF(J8=F8,G8,""))))) | L8: =AND(A8<>"",TRUE) -> FALSE | M8: =AND(L8,K8<>"",COUNTIFS($K$2:$K$17,K8,$L$2:$L$17,TRUE)>1) -> FALSE | N8: =IF(A8="","",IF(NOT(L8),"未勾选",IF(E8="unknown","原文名称异常",IF(K8="","请在主卡填写／修正细项",IF(M8,"重复技能",IF(O8>0,"已计入","超选：暂不计入")))))) | O8: =IF(AND(附表!$I$12,L8,K8<>"",NOT(M8),TRUE),D8,0) -> 0 | P8: =IF(AND(C8="工艺",E8="",F8<>""),IF(AND(I8="工艺1",TRIM(人物卡!J25)=F8),"J25",IF(AND(I8="工艺2",TRIM(人物卡!J26)=F8),"J26",IF(AND(I8="工艺3",TRIM(人物卡!J27)=F8),"J27",IF(AND(I8="工艺4",TRIM(人物卡!J28)=F8),"J28",IF(TRIM(人物卡!J25)=F8,"J25",IF(TRIM(人物卡!J26)=F8,"J26",IF(TRIM(人物卡!J27)=F8,"J27",IF(TRIM(人物卡!J28)=F8,"J28",IF(INDEX($L$1:$L$1611,$T$2+6)="","",INDEX($L$1:$L$1611,$T$2+6)))))))))),IF(INDEX($L$1:$L$1611,$T$2+6)="","",INDEX($L$1:$L$1611,$T$2+6))) | Q8: =IF(INDEX($M$1:$M$1611,$T$2+6)="","",INDEX($M$1:$M$1611,$T$2+6)) -> J2 | R8: =INDEX($N$1:$N$1611,$T$2+6) -> FALSE | S8: 主卡状态 | T8: =IF(NOT(附表!$I$12),"请选择有效职业／子模板",IF(T4>T3,"超选：任选暂不计入",IF(T5<T3,"任选未选满","任选已完成"))&IF(T6>0,CHAR(10)&"待填／核对细项 "&T6,"")&IF(T4<=T3,IF(T4>T5,CHAR(10)&"检查重复／空细项",""),"")&IF(T7>0,CHAR(10)&"原文技能名称异常","")&CHAR(10)&"细项直接填上方") -> 任选已完成 细项直接填上方 | Z8: =AND(附表!$I$12,A24<>"",人物卡!P55="☑") -> FALSE
A9: =IF(INDEX($C$1:$C$1611,$T$2+7)="","",INDEX($C$1:$C$1611,$T$2+7)) | B9: =IF(INDEX($D$1:$D$1611,$T$2+7)="","",INDEX($D$1:$D$1611,$T$2+7)) -> fixed | C9: =IF(INDEX($E$1:$E$1611,$T$2+7)="","",INDEX($E$1:$E$1611,$T$2+7)) | D9: =INDEX($F$1:$F$1611,$T$2+7) -> 0 | E9: =IF(INDEX($G$1:$G$1611,$T$2+7)="","",INDEX($G$1:$G$1611,$T$2+7)) | F9: =IF(INDEX($H$1:$H$1611,$T$2+7)="","",INDEX($H$1:$H$1611,$T$2+7)) | G9: =IF(INDEX($I$1:$I$1611,$T$2+7)="","",INDEX($I$1:$I$1611,$T$2+7)) | H9: =IF(INDEX($J$1:$J$1611,$T$2+7)="","",INDEX($J$1:$J$1611,$T$2+7)) | I9: =IF(INDEX($K$1:$K$1611,$T$2+7)="","",INDEX($K$1:$K$1611,$T$2+7)) | J9: =IF(P9="","",IF(COUNTBLANK(INDIRECT("'人物卡'!"&P9))>0,"",TRIM(INDIRECT("'人物卡'!"&P9)))) | K9: =IF(P9="",G9,IF(E9="skill",IF(AND(J9<>"",ISNUMBER(FIND("|"&J9&"|","|"&H9&"|"))),J9,""),IF(E9="any",IF(AND(J9<>"",J9<>"0",ISERROR(FIND("任选",J9)),ISERROR(FIND("（",J9)),ISERROR(FIND("）",J9))),C9&"（"&J9&"）",""),IF(E9="limited",IF(AND(J9<>"",ISNUMBER(FIND("|"&J9&"|","|"&H9&"|"))),C9&"（"&J9&"）",""),IF(J9=F9,G9,""))))) | L9: =AND(A9<>"",TRUE) -> FALSE | M9: =AND(L9,K9<>"",COUNTIFS($K$2:$K$17,K9,$L$2:$L$17,TRUE)>1) -> FALSE | N9: =IF(A9="","",IF(NOT(L9),"未勾选",IF(E9="unknown","原文名称异常",IF(K9="","请在主卡填写／修正细项",IF(M9,"重复技能",IF(O9>0,"已计入","超选：暂不计入")))))) | O9: =IF(AND(附表!$I$12,L9,K9<>"",NOT(M9),TRUE),D9,0) -> 0 | P9: =IF(AND(C9="工艺",E9="",F9<>""),IF(AND(I9="工艺1",TRIM(人物卡!J25)=F9),"J25",IF(AND(I9="工艺2",TRIM(人物卡!J26)=F9),"J26",IF(AND(I9="工艺3",TRIM(人物卡!J27)=F9),"J27",IF(AND(I9="工艺4",TRIM(人物卡!J28)=F9),"J28",IF(TRIM(人物卡!J25)=F9,"J25",IF(TRIM(人物卡!J26)=F9,"J26",IF(TRIM(人物卡!J27)=F9,"J27",IF(TRIM(人物卡!J28)=F9,"J28",IF(INDEX($L$1:$L$1611,$T$2+7)="","",INDEX($L$1:$L$1611,$T$2+7)))))))))),IF(INDEX($L$1:$L$1611,$T$2+7)="","",INDEX($L$1:$L$1611,$T$2+7))) | Q9: =IF(INDEX($M$1:$M$1611,$T$2+7)="","",INDEX($M$1:$M$1611,$T$2+7)) -> K2 | R9: =INDEX($N$1:$N$1611,$T$2+7) -> FALSE | Z9: =AND(附表!$I$12,A25<>"",人物卡!P56="☑") -> FALSE
A10: =IF(INDEX($C$1:$C$1611,$T$2+8)="","",INDEX($C$1:$C$1611,$T$2+8)) | B10: =IF(INDEX($D$1:$D$1611,$T$2+8)="","",INDEX($D$1:$D$1611,$T$2+8)) -> fixed | C10: =IF(INDEX($E$1:$E$1611,$T$2+8)="","",INDEX($E$1:$E$1611,$T$2+8)) | D10: =INDEX($F$1:$F$1611,$T$2+8) -> 0 | E10: =IF(INDEX($G$1:$G$1611,$T$2+8)="","",INDEX($G$1:$G$1611,$T$2+8)) | F10: =IF(INDEX($H$1:$H$1611,$T$2+8)="","",INDEX($H$1:$H$1611,$T$2+8)) | G10: =IF(INDEX($I$1:$I$1611,$T$2+8)="","",INDEX($I$1:$I$1611,$T$2+8)) | H10: =IF(INDEX($J$1:$J$1611,$T$2+8)="","",INDEX($J$1:$J$1611,$T$2+8)) | I10: =IF(INDEX($K$1:$K$1611,$T$2+8)="","",INDEX($K$1:$K$1611,$T$2+8)) | J10: =IF(P10="","",IF(COUNTBLANK(INDIRECT("'人物卡'!"&P10))>0,"",TRIM(INDIRECT("'人物卡'!"&P10)))) | K10: =IF(P10="",G10,IF(E10="skill",IF(AND(J10<>"",ISNUMBER(FIND("|"&J10&"|","|"&H10&"|"))),J10,""),IF(E10="any",IF(AND(J10<>"",J10<>"0",ISERROR(FIND("任选",J10)),ISERROR(FIND("（",J10)),ISERROR(FIND("）",J10))),C10&"（"&J10&"）",""),IF(E10="limited",IF(AND(J10<>"",ISNUMBER(FIND("|"&J10&"|","|"&H10&"|"))),C10&"（"&J10&"）",""),IF(J10=F10,G10,""))))) | L10: =AND(A10<>"",TRUE) -> FALSE | M10: =AND(L10,K10<>"",COUNTIFS($K$2:$K$17,K10,$L$2:$L$17,TRUE)>1) -> FALSE | N10: =IF(A10="","",IF(NOT(L10),"未勾选",IF(E10="unknown","原文名称异常",IF(K10="","请在主卡填写／修正细项",IF(M10,"重复技能",IF(O10>0,"已计入","超选：暂不计入")))))) | O10: =IF(AND(附表!$I$12,L10,K10<>"",NOT(M10),TRUE),D10,0) -> 0 | P10: =IF(AND(C10="工艺",E10="",F10<>""),IF(AND(I10="工艺1",TRIM(人物卡!J25)=F10),"J25",IF(AND(I10="工艺2",TRIM(人物卡!J26)=F10),"J26",IF(AND(I10="工艺3",TRIM(人物卡!J27)=F10),"J27",IF(AND(I10="工艺4",TRIM(人物卡!J28)=F10),"J28",IF(TRIM(人物卡!J25)=F10,"J25",IF(TRIM(人物卡!J26)=F10,"J26",IF(TRIM(人物卡!J27)=F10,"J27",IF(TRIM(人物卡!J28)=F10,"J28",IF(INDEX($L$1:$L$1611,$T$2+8)="","",INDEX($L$1:$L$1611,$T$2+8)))))))))),IF(INDEX($L$1:$L$1611,$T$2+8)="","",INDEX($L$1:$L$1611,$T$2+8))) | Q10: =IF(INDEX($M$1:$M$1611,$T$2+8)="","",INDEX($M$1:$M$1611,$T$2+8)) -> L2 | R10: =INDEX($N$1:$N$1611,$T$2+8) -> FALSE | Z10: =AND(附表!$I$12,A26<>"",人物卡!P57="☑") -> FALSE
A11: =IF(INDEX($C$1:$C$1611,$T$2+9)="","",INDEX($C$1:$C$1611,$T$2+9)) | B11: =IF(INDEX($D$1:$D$1611,$T$2+9)="","",INDEX($D$1:$D$1611,$T$2+9)) -> fixed | C11: =IF(INDEX($E$1:$E$1611,$T$2+9)="","",INDEX($E$1:$E$1611,$T$2+9)) | D11: =INDEX($F$1:$F$1611,$T$2+9) -> 0 | E11: =IF(INDEX($G$1:$G$1611,$T$2+9)="","",INDEX($G$1:$G$1611,$T$2+9)) | F11: =IF(INDEX($H$1:$H$1611,$T$2+9)="","",INDEX($H$1:$H$1611,$T$2+9)) | G11: =IF(INDEX($I$1:$I$1611,$T$2+9)="","",INDEX($I$1:$I$1611,$T$2+9)) | H11: =IF(INDEX($J$1:$J$1611,$T$2+9)="","",INDEX($J$1:$J$1611,$T$2+9)) | I11: =IF(INDEX($K$1:$K$1611,$T$2+9)="","",INDEX($K$1:$K$1611,$T$2+9)) | J11: =IF(P11="","",IF(COUNTBLANK(INDIRECT("'人物卡'!"&P11))>0,"",TRIM(INDIRECT("'人物卡'!"&P11)))) | K11: =IF(P11="",G11,IF(E11="skill",IF(AND(J11<>"",ISNUMBER(FIND("|"&J11&"|","|"&H11&"|"))),J11,""),IF(E11="any",IF(AND(J11<>"",J11<>"0",ISERROR(FIND("任选",J11)),ISERROR(FIND("（",J11)),ISERROR(FIND("）",J11))),C11&"（"&J11&"）",""),IF(E11="limited",IF(AND(J11<>"",ISNUMBER(FIND("|"&J11&"|","|"&H11&"|"))),C11&"（"&J11&"）",""),IF(J11=F11,G11,""))))) | L11: =AND(A11<>"",TRUE) -> FALSE | M11: =AND(L11,K11<>"",COUNTIFS($K$2:$K$17,K11,$L$2:$L$17,TRUE)>1) -> FALSE | N11: =IF(A11="","",IF(NOT(L11),"未勾选",IF(E11="unknown","原文名称异常",IF(K11="","请在主卡填写／修正细项",IF(M11,"重复技能",IF(O11>0,"已计入","超选：暂不计入")))))) | O11: =IF(AND(附表!$I$12,L11,K11<>"",NOT(M11),TRUE),D11,0) -> 0 | P11: =IF(AND(C11="工艺",E11="",F11<>""),IF(AND(I11="工艺1",TRIM(人物卡!J25)=F11),"J25",IF(AND(I11="工艺2",TRIM(人物卡!J26)=F11),"J26",IF(AND(I11="工艺3",TRIM(人物卡!J27)=F11),"J27",IF(AND(I11="工艺4",TRIM(人物卡!J28)=F11),"J28",IF(TRIM(人物卡!J25)=F11,"J25",IF(TRIM(人物卡!J26)=F11,"J26",IF(TRIM(人物卡!J27)=F11,"J27",IF(TRIM(人物卡!J28)=F11,"J28",IF(INDEX($L$1:$L$1611,$T$2+9)="","",INDEX($L$1:$L$1611,$T$2+9)))))))))),IF(INDEX($L$1:$L$1611,$T$2+9)="","",INDEX($L$1:$L$1611,$T$2+9))) | Q11: =IF(INDEX($M$1:$M$1611,$T$2+9)="","",INDEX($M$1:$M$1611,$T$2+9)) -> M2 | R11: =INDEX($N$1:$N$1611,$T$2+9) -> FALSE | Z11: =AND(附表!$I$12,A27<>"",人物卡!P58="☑") -> FALSE
A12: =IF(INDEX($C$1:$C$1611,$T$2+10)="","",INDEX($C$1:$C$1611,$T$2+10)) | B12: =IF(INDEX($D$1:$D$1611,$T$2+10)="","",INDEX($D$1:$D$1611,$T$2+10)) -> fixed | C12: =IF(INDEX($E$1:$E$1611,$T$2+10)="","",INDEX($E$1:$E$1611,$T$2+10)) | D12: =INDEX($F$1:$F$1611,$T$2+10) -> 0 | E12: =IF(INDEX($G$1:$G$1611,$T$2+10)="","",INDEX($G$1:$G$1611,$T$2+10)) | F12: =IF(INDEX($H$1:$H$1611,$T$2+10)="","",INDEX($H$1:$H$1611,$T$2+10)) | G12: =IF(INDEX($I$1:$I$1611,$T$2+10)="","",INDEX($I$1:$I$1611,$T$2+10)) | H12: =IF(INDEX($J$1:$J$1611,$T$2+10)="","",INDEX($J$1:$J$1611,$T$2+10)) | I12: =IF(INDEX($K$1:$K$1611,$T$2+10)="","",INDEX($K$1:$K$1611,$T$2+10)) | J12: =IF(P12="","",IF(COUNTBLANK(INDIRECT("'人物卡'!"&P12))>0,"",TRIM(INDIRECT("'人物卡'!"&P12)))) | K12: =IF(P12="",G12,IF(E12="skill",IF(AND(J12<>"",ISNUMBER(FIND("|"&J12&"|","|"&H12&"|"))),J12,""),IF(E12="any",IF(AND(J12<>"",J12<>"0",ISERROR(FIND("任选",J12)),ISERROR(FIND("（",J12)),ISERROR(FIND("）",J12))),C12&"（"&J12&"）",""),IF(E12="limited",IF(AND(J12<>"",ISNUMBER(FIND("|"&J12&"|","|"&H12&"|"))),C12&"（"&J12&"）",""),IF(J12=F12,G12,""))))) | L12: =AND(A12<>"",TRUE) -> FALSE | M12: =AND(L12,K12<>"",COUNTIFS($K$2:$K$17,K12,$L$2:$L$17,TRUE)>1) -> FALSE | N12: =IF(A12="","",IF(NOT(L12),"未勾选",IF(E12="unknown","原文名称异常",IF(K12="","请在主卡填写／修正细项",IF(M12,"重复技能",IF(O12>0,"已计入","超选：暂不计入")))))) | O12: =IF(AND(附表!$I$12,L12,K12<>"",NOT(M12),TRUE),D12,0) -> 0 | P12: =IF(AND(C12="工艺",E12="",F12<>""),IF(AND(I12="工艺1",TRIM(人物卡!J25)=F12),"J25",IF(AND(I12="工艺2",TRIM(人物卡!J26)=F12),"J26",IF(AND(I12="工艺3",TRIM(人物卡!J27)=F12),"J27",IF(AND(I12="工艺4",TRIM(人物卡!J28)=F12),"J28",IF(TRIM(人物卡!J25)=F12,"J25",IF(TRIM(人物卡!J26)=F12,"J26",IF(TRIM(人物卡!J27)=F12,"J27",IF(TRIM(人物卡!J28)=F12,"J28",IF(INDEX($L$1:$L$1611,$T$2+10)="","",INDEX($L$1:$L$1611,$T$2+10)))))))))),IF(INDEX($L$1:$L$1611,$T$2+10)="","",INDEX($L$1:$L$1611,$T$2+10))) | Q12: =IF(INDEX($M$1:$M$1611,$T$2+10)="","",INDEX($M$1:$M$1611,$T$2+10)) -> N2 | R12: =INDEX($N$1:$N$1611,$T$2+10) -> FALSE | Z12: =AND(附表!$I$12,A28<>"",人物卡!P59="☑") -> FALSE
A13: =IF(INDEX($C$1:$C$1611,$T$2+11)="","",INDEX($C$1:$C$1611,$T$2+11)) | B13: =IF(INDEX($D$1:$D$1611,$T$2+11)="","",INDEX($D$1:$D$1611,$T$2+11)) -> fixed | C13: =IF(INDEX($E$1:$E$1611,$T$2+11)="","",INDEX($E$1:$E$1611,$T$2+11)) | D13: =INDEX($F$1:$F$1611,$T$2+11) -> 0 | E13: =IF(INDEX($G$1:$G$1611,$T$2+11)="","",INDEX($G$1:$G$1611,$T$2+11)) | F13: =IF(INDEX($H$1:$H$1611,$T$2+11)="","",INDEX($H$1:$H$1611,$T$2+11)) | G13: =IF(INDEX($I$1:$I$1611,$T$2+11)="","",INDEX($I$1:$I$1611,$T$2+11)) | H13: =IF(INDEX($J$1:$J$1611,$T$2+11)="","",INDEX($J$1:$J$1611,$T$2+11)) | I13: =IF(INDEX($K$1:$K$1611,$T$2+11)="","",INDEX($K$1:$K$1611,$T$2+11)) | J13: =IF(P13="","",IF(COUNTBLANK(INDIRECT("'人物卡'!"&P13))>0,"",TRIM(INDIRECT("'人物卡'!"&P13)))) | K13: =IF(P13="",G13,IF(E13="skill",IF(AND(J13<>"",ISNUMBER(FIND("|"&J13&"|","|"&H13&"|"))),J13,""),IF(E13="any",IF(AND(J13<>"",J13<>"0",ISERROR(FIND("任选",J13)),ISERROR(FIND("（",J13)),ISERROR(FIND("）",J13))),C13&"（"&J13&"）",""),IF(E13="limited",IF(AND(J13<>"",ISNUMBER(FIND("|"&J13&"|","|"&H13&"|"))),C13&"（"&J13&"）",""),IF(J13=F13,G13,""))))) | L13: =AND(A13<>"",TRUE) -> FALSE | M13: =AND(L13,K13<>"",COUNTIFS($K$2:$K$17,K13,$L$2:$L$17,TRUE)>1) -> FALSE | N13: =IF(A13="","",IF(NOT(L13),"未勾选",IF(E13="unknown","原文名称异常",IF(K13="","请在主卡填写／修正细项",IF(M13,"重复技能",IF(O13>0,"已计入","超选：暂不计入")))))) | O13: =IF(AND(附表!$I$12,L13,K13<>"",NOT(M13),TRUE),D13,0) -> 0 | P13: =IF(AND(C13="工艺",E13="",F13<>""),IF(AND(I13="工艺1",TRIM(人物卡!J25)=F13),"J25",IF(AND(I13="工艺2",TRIM(人物卡!J26)=F13),"J26",IF(AND(I13="工艺3",TRIM(人物卡!J27)=F13),"J27",IF(AND(I13="工艺4",TRIM(人物卡!J28)=F13),"J28",IF(TRIM(人物卡!J25)=F13,"J25",IF(TRIM(人物卡!J26)=F13,"J26",IF(TRIM(人物卡!J27)=F13,"J27",IF(TRIM(人物卡!J28)=F13,"J28",IF(INDEX($L$1:$L$1611,$T$2+11)="","",INDEX($L$1:$L$1611,$T$2+11)))))))))),IF(INDEX($L$1:$L$1611,$T$2+11)="","",INDEX($L$1:$L$1611,$T$2+11))) | Q13: =IF(INDEX($M$1:$M$1611,$T$2+11)="","",INDEX($M$1:$M$1611,$T$2+11)) -> O2 | R13: =INDEX($N$1:$N$1611,$T$2+11) -> FALSE
A14: =IF(INDEX($C$1:$C$1611,$T$2+12)="","",INDEX($C$1:$C$1611,$T$2+12)) | B14: =IF(INDEX($D$1:$D$1611,$T$2+12)="","",INDEX($D$1:$D$1611,$T$2+12)) -> fixed | C14: =IF(INDEX($E$1:$E$1611,$T$2+12)="","",INDEX($E$1:$E$1611,$T$2+12)) | D14: =INDEX($F$1:$F$1611,$T$2+12) -> 0 | E14: =IF(INDEX($G$1:$G$1611,$T$2+12)="","",INDEX($G$1:$G$1611,$T$2+12)) | F14: =IF(INDEX($H$1:$H$1611,$T$2+12)="","",INDEX($H$1:$H$1611,$T$2+12)) | G14: =IF(INDEX($I$1:$I$1611,$T$2+12)="","",INDEX($I$1:$I$1611,$T$2+12)) | H14: =IF(INDEX($J$1:$J$1611,$T$2+12)="","",INDEX($J$1:$J$1611,$T$2+12)) | I14: =IF(INDEX($K$1:$K$1611,$T$2+12)="","",INDEX($K$1:$K$1611,$T$2+12)) | J14: =IF(P14="","",IF(COUNTBLANK(INDIRECT("'人物卡'!"&P14))>0,"",TRIM(INDIRECT("'人物卡'!"&P14)))) | K14: =IF(P14="",G14,IF(E14="skill",IF(AND(J14<>"",ISNUMBER(FIND("|"&J14&"|","|"&H14&"|"))),J14,""),IF(E14="any",IF(AND(J14<>"",J14<>"0",ISERROR(FIND("任选",J14)),ISERROR(FIND("（",J14)),ISERROR(FIND("）",J14))),C14&"（"&J14&"）",""),IF(E14="limited",IF(AND(J14<>"",ISNUMBER(FIND("|"&J14&"|","|"&H14&"|"))),C14&"（"&J14&"）",""),IF(J14=F14,G14,""))))) | L14: =AND(A14<>"",TRUE) -> FALSE | M14: =AND(L14,K14<>"",COUNTIFS($K$2:$K$17,K14,$L$2:$L$17,TRUE)>1) -> FALSE | N14: =IF(A14="","",IF(NOT(L14),"未勾选",IF(E14="unknown","原文名称异常",IF(K14="","请在主卡填写／修正细项",IF(M14,"重复技能",IF(O14>0,"已计入","超选：暂不计入")))))) | O14: =IF(AND(附表!$I$12,L14,K14<>"",NOT(M14),TRUE),D14,0) -> 0 | P14: =IF(AND(C14="工艺",E14="",F14<>""),IF(AND(I14="工艺1",TRIM(人物卡!J25)=F14),"J25",IF(AND(I14="工艺2",TRIM(人物卡!J26)=F14),"J26",IF(AND(I14="工艺3",TRIM(人物卡!J27)=F14),"J27",IF(AND(I14="工艺4",TRIM(人物卡!J28)=F14),"J28",IF(TRIM(人物卡!J25)=F14,"J25",IF(TRIM(人物卡!J26)=F14,"J26",IF(TRIM(人物卡!J27)=F14,"J27",IF(TRIM(人物卡!J28)=F14,"J28",IF(INDEX($L$1:$L$1611,$T$2+12)="","",INDEX($L$1:$L$1611,$T$2+12)))))))))),IF(INDEX($L$1:$L$1611,$T$2+12)="","",INDEX($L$1:$L$1611,$T$2+12))) | Q14: =IF(INDEX($M$1:$M$1611,$T$2+12)="","",INDEX($M$1:$M$1611,$T$2+12)) -> P2 | R14: =INDEX($N$1:$N$1611,$T$2+12) -> FALSE
A15: =IF(INDEX($C$1:$C$1611,$T$2+13)="","",INDEX($C$1:$C$1611,$T$2+13)) | B15: =IF(INDEX($D$1:$D$1611,$T$2+13)="","",INDEX($D$1:$D$1611,$T$2+13)) -> fixed | C15: =IF(INDEX($E$1:$E$1611,$T$2+13)="","",INDEX($E$1:$E$1611,$T$2+13)) | D15: =INDEX($F$1:$F$1611,$T$2+13) -> 0 | E15: =IF(INDEX($G$1:$G$1611,$T$2+13)="","",INDEX($G$1:$G$1611,$T$2+13)) | F15: =IF(INDEX($H$1:$H$1611,$T$2+13)="","",INDEX($H$1:$H$1611,$T$2+13)) | G15: =IF(INDEX($I$1:$I$1611,$T$2+13)="","",INDEX($I$1:$I$1611,$T$2+13)) | H15: =IF(INDEX($J$1:$J$1611,$T$2+13)="","",INDEX($J$1:$J$1611,$T$2+13)) | I15: =IF(INDEX($K$1:$K$1611,$T$2+13)="","",INDEX($K$1:$K$1611,$T$2+13)) | J15: =IF(P15="","",IF(COUNTBLANK(INDIRECT("'人物卡'!"&P15))>0,"",TRIM(INDIRECT("'人物卡'!"&P15)))) | K15: =IF(P15="",G15,IF(E15="skill",IF(AND(J15<>"",ISNUMBER(FIND("|"&J15&"|","|"&H15&"|"))),J15,""),IF(E15="any",IF(AND(J15<>"",J15<>"0",ISERROR(FIND("任选",J15)),ISERROR(FIND("（",J15)),ISERROR(FIND("）",J15))),C15&"（"&J15&"）",""),IF(E15="limited",IF(AND(J15<>"",ISNUMBER(FIND("|"&J15&"|","|"&H15&"|"))),C15&"（"&J15&"）",""),IF(J15=F15,G15,""))))) | L15: =AND(A15<>"",TRUE) -> FALSE | M15: =AND(L15,K15<>"",COUNTIFS($K$2:$K$17,K15,$L$2:$L$17,TRUE)>1) -> FALSE | N15: =IF(A15="","",IF(NOT(L15),"未勾选",IF(E15="unknown","原文名称异常",IF(K15="","请在主卡填写／修正细项",IF(M15,"重复技能",IF(O15>0,"已计入","超选：暂不计入")))))) | O15: =IF(AND(附表!$I$12,L15,K15<>"",NOT(M15),TRUE),D15,0) -> 0 | P15: =IF(AND(C15="工艺",E15="",F15<>""),IF(AND(I15="工艺1",TRIM(人物卡!J25)=F15),"J25",IF(AND(I15="工艺2",TRIM(人物卡!J26)=F15),"J26",IF(AND(I15="工艺3",TRIM(人物卡!J27)=F15),"J27",IF(AND(I15="工艺4",TRIM(人物卡!J28)=F15),"J28",IF(TRIM(人物卡!J25)=F15,"J25",IF(TRIM(人物卡!J26)=F15,"J26",IF(TRIM(人物卡!J27)=F15,"J27",IF(TRIM(人物卡!J28)=F15,"J28",IF(INDEX($L$1:$L$1611,$T$2+13)="","",INDEX($L$1:$L$1611,$T$2+13)))))))))),IF(INDEX($L$1:$L$1611,$T$2+13)="","",INDEX($L$1:$L$1611,$T$2+13))) | Q15: =IF(INDEX($M$1:$M$1611,$T$2+13)="","",INDEX($M$1:$M$1611,$T$2+13)) -> Q2 | R15: =INDEX($N$1:$N$1611,$T$2+13) -> FALSE
A16: =IF(INDEX($C$1:$C$1611,$T$2+14)="","",INDEX($C$1:$C$1611,$T$2+14)) | B16: =IF(INDEX($D$1:$D$1611,$T$2+14)="","",INDEX($D$1:$D$1611,$T$2+14)) -> fixed | C16: =IF(INDEX($E$1:$E$1611,$T$2+14)="","",INDEX($E$1:$E$1611,$T$2+14)) | D16: =INDEX($F$1:$F$1611,$T$2+14) -> 0 | E16: =IF(INDEX($G$1:$G$1611,$T$2+14)="","",INDEX($G$1:$G$1611,$T$2+14)) | F16: =IF(INDEX($H$1:$H$1611,$T$2+14)="","",INDEX($H$1:$H$1611,$T$2+14)) | G16: =IF(INDEX($I$1:$I$1611,$T$2+14)="","",INDEX($I$1:$I$1611,$T$2+14)) | H16: =IF(INDEX($J$1:$J$1611,$T$2+14)="","",INDEX($J$1:$J$1611,$T$2+14)) | I16: =IF(INDEX($K$1:$K$1611,$T$2+14)="","",INDEX($K$1:$K$1611,$T$2+14)) | J16: =IF(P16="","",IF(COUNTBLANK(INDIRECT("'人物卡'!"&P16))>0,"",TRIM(INDIRECT("'人物卡'!"&P16)))) | K16: =IF(P16="",G16,IF(E16="skill",IF(AND(J16<>"",ISNUMBER(FIND("|"&J16&"|","|"&H16&"|"))),J16,""),IF(E16="any",IF(AND(J16<>"",J16<>"0",ISERROR(FIND("任选",J16)),ISERROR(FIND("（",J16)),ISERROR(FIND("）",J16))),C16&"（"&J16&"）",""),IF(E16="limited",IF(AND(J16<>"",ISNUMBER(FIND("|"&J16&"|","|"&H16&"|"))),C16&"（"&J16&"）",""),IF(J16=F16,G16,""))))) | L16: =AND(A16<>"",TRUE) -> FALSE | M16: =AND(L16,K16<>"",COUNTIFS($K$2:$K$17,K16,$L$2:$L$17,TRUE)>1) -> FALSE | N16: =IF(A16="","",IF(NOT(L16),"未勾选",IF(E16="unknown","原文名称异常",IF(K16="","请在主卡填写／修正细项",IF(M16,"重复技能",IF(O16>0,"已计入","超选：暂不计入")))))) | O16: =IF(AND(附表!$I$12,L16,K16<>"",NOT(M16),TRUE),D16,0) -> 0 | P16: =IF(AND(C16="工艺",E16="",F16<>""),IF(AND(I16="工艺1",TRIM(人物卡!J25)=F16),"J25",IF(AND(I16="工艺2",TRIM(人物卡!J26)=F16),"J26",IF(AND(I16="工艺3",TRIM(人物卡!J27)=F16),"J27",IF(AND(I16="工艺4",TRIM(人物卡!J28)=F16),"J28",IF(TRIM(人物卡!J25)=F16,"J25",IF(TRIM(人物卡!J26)=F16,"J26",IF(TRIM(人物卡!J27)=F16,"J27",IF(TRIM(人物卡!J28)=F16,"J28",IF(INDEX($L$1:$L$1611,$T$2+14)="","",INDEX($L$1:$L$1611,$T$2+14)))))))))),IF(INDEX($L$1:$L$1611,$T$2+14)="","",INDEX($L$1:$L$1611,$T$2+14))) | Q16: =IF(INDEX($M$1:$M$1611,$T$2+14)="","",INDEX($M$1:$M$1611,$T$2+14)) -> R2 | R16: =INDEX($N$1:$N$1611,$T$2+14) -> FALSE
A17: =IF(INDEX($C$1:$C$1611,$T$2+15)="","",INDEX($C$1:$C$1611,$T$2+15)) | B17: =IF(INDEX($D$1:$D$1611,$T$2+15)="","",INDEX($D$1:$D$1611,$T$2+15)) -> fixed | C17: =IF(INDEX($E$1:$E$1611,$T$2+15)="","",INDEX($E$1:$E$1611,$T$2+15)) | D17: =INDEX($F$1:$F$1611,$T$2+15) -> 0 | E17: =IF(INDEX($G$1:$G$1611,$T$2+15)="","",INDEX($G$1:$G$1611,$T$2+15)) | F17: =IF(INDEX($H$1:$H$1611,$T$2+15)="","",INDEX($H$1:$H$1611,$T$2+15)) | G17: =IF(INDEX($I$1:$I$1611,$T$2+15)="","",INDEX($I$1:$I$1611,$T$2+15)) | H17: =IF(INDEX($J$1:$J$1611,$T$2+15)="","",INDEX($J$1:$J$1611,$T$2+15)) | I17: =IF(INDEX($K$1:$K$1611,$T$2+15)="","",INDEX($K$1:$K$1611,$T$2+15)) | J17: =IF(P17="","",IF(COUNTBLANK(INDIRECT("'人物卡'!"&P17))>0,"",TRIM(INDIRECT("'人物卡'!"&P17)))) | K17: =IF(P17="",G17,IF(E17="skill",IF(AND(J17<>"",ISNUMBER(FIND("|"&J17&"|","|"&H17&"|"))),J17,""),IF(E17="any",IF(AND(J17<>"",J17<>"0",ISERROR(FIND("任选",J17)),ISERROR(FIND("（",J17)),ISERROR(FIND("）",J17))),C17&"（"&J17&"）",""),IF(E17="limited",IF(AND(J17<>"",ISNUMBER(FIND("|"&J17&"|","|"&H17&"|"))),C17&"（"&J17&"）",""),IF(J17=F17,G17,""))))) | L17: =AND(A17<>"",TRUE) -> FALSE | M17: =AND(L17,K17<>"",COUNTIFS($K$2:$K$17,K17,$L$2:$L$17,TRUE)>1) -> FALSE | N17: =IF(A17="","",IF(NOT(L17),"未勾选",IF(E17="unknown","原文名称异常",IF(K17="","请在主卡填写／修正细项",IF(M17,"重复技能",IF(O17>0,"已计入","超选：暂不计入")))))) | O17: =IF(AND(附表!$I$12,L17,K17<>"",NOT(M17),TRUE),D17,0) -> 0 | P17: =IF(AND(C17="工艺",E17="",F17<>""),IF(AND(I17="工艺1",TRIM(人物卡!J25)=F17),"J25",IF(AND(I17="工艺2",TRIM(人物卡!J26)=F17),"J26",IF(AND(I17="工艺3",TRIM(人物卡!J27)=F17),"J27",IF(AND(I17="工艺4",TRIM(人物卡!J28)=F17),"J28",IF(TRIM(人物卡!J25)=F17,"J25",IF(TRIM(人物卡!J26)=F17,"J26",IF(TRIM(人物卡!J27)=F17,"J27",IF(TRIM(人物卡!J28)=F17,"J28",IF(INDEX($L$1:$L$1611,$T$2+15)="","",INDEX($L$1:$L$1611,$T$2+15)))))))))),IF(INDEX($L$1:$L$1611,$T$2+15)="","",INDEX($L$1:$L$1611,$T$2+15))) | Q17: =IF(INDEX($M$1:$M$1611,$T$2+15)="","",INDEX($M$1:$M$1611,$T$2+15)) -> S2 | R17: =INDEX($N$1:$N$1611,$T$2+15) -> FALSE
A18: =IF(INDEX($C$1:$C$1611,$T$2+16)="","",INDEX($C$1:$C$1611,$T$2+16)) | B18: =IF(INDEX($D$1:$D$1611,$T$2+16)="","",INDEX($D$1:$D$1611,$T$2+16)) -> free | C18: =IF(INDEX($E$1:$E$1611,$T$2+16)="","",INDEX($E$1:$E$1611,$T$2+16)) | D18: =INDEX($F$1:$F$1611,$T$2+16) -> 0 | E18: =IF(INDEX($G$1:$G$1611,$T$2+16)="","",INDEX($G$1:$G$1611,$T$2+16)) | F18: =IF(INDEX($H$1:$H$1611,$T$2+16)="","",INDEX($H$1:$H$1611,$T$2+16)) | G18: =IF(INDEX($I$1:$I$1611,$T$2+16)="","",INDEX($I$1:$I$1611,$T$2+16)) | H18: =IF(INDEX($J$1:$J$1611,$T$2+16)="","",INDEX($J$1:$J$1611,$T$2+16)) | I18: =IF(INDEX($K$1:$K$1611,$T$2+16)="","",INDEX($K$1:$K$1611,$T$2+16)) | J18: =IF(P18="","",IF(COUNTBLANK(INDIRECT("'人物卡'!"&P18))>0,"",TRIM(INDIRECT("'人物卡'!"&P18)))) | K18: =IF(P18="",G18,IF(E18="skill",IF(AND(J18<>"",ISNUMBER(FIND("|"&J18&"|","|"&H18&"|"))),J18,""),IF(E18="any",IF(AND(J18<>"",J18<>"0",ISERROR(FIND("任选",J18)),ISERROR(FIND("（",J18)),ISERROR(FIND("）",J18))),C18&"（"&J18&"）",""),IF(E18="limited",IF(AND(J18<>"",ISNUMBER(FIND("|"&J18&"|","|"&H18&"|"))),C18&"（"&J18&"）",""),IF(J18=F18,G18,""))))) | L18: =AND(A18<>"",$Z$2=TRUE) -> FALSE | M18: =AND(L18,K18<>"",OR(COUNTIFS($K$18:$K$28,K18,$L$18:$L$28,TRUE)>1,AND(COUNTIFS($K$2:$K$17,K18,$L$2:$L$17,TRUE)>0,NOT(R18)))) -> FALSE | N18: =IF(A18="","",IF(NOT(L18),"未勾选",IF(E18="unknown","原文名称异常",IF(K18="","请在主卡填写／修正细项",IF(M18,"重复技能",IF(O18>0,"已计入","超选：暂不计入")))))) | O18: =IF(AND(附表!$I$12,L18,K18<>"",NOT(M18),$T$4<=$T$3),D18,0) -> 0 | P18: =IF(AND(C18="工艺",E18="",F18<>""),IF(AND(I18="工艺1",TRIM(人物卡!J25)=F18),"J25",IF(AND(I18="工艺2",TRIM(人物卡!J26)=F18),"J26",IF(AND(I18="工艺3",TRIM(人物卡!J27)=F18),"J27",IF(AND(I18="工艺4",TRIM(人物卡!J28)=F18),"J28",IF(TRIM(人物卡!J25)=F18,"J25",IF(TRIM(人物卡!J26)=F18,"J26",IF(TRIM(人物卡!J27)=F18,"J27",IF(TRIM(人物卡!J28)=F18,"J28",IF(INDEX($L$1:$L$1611,$T$2+16)="","",INDEX($L$1:$L$1611,$T$2+16)))))))))),IF(INDEX($L$1:$L$1611,$T$2+16)="","",INDEX($L$1:$L$1611,$T$2+16))) | Q18: =IF(INDEX($M$1:$M$1611,$T$2+16)="","",INDEX($M$1:$M$1611,$T$2+16)) -> U2 | R18: =INDEX($N$1:$N$1611,$T$2+16) -> FALSE
A19: =IF(INDEX($C$1:$C$1611,$T$2+17)="","",INDEX($C$1:$C$1611,$T$2+17)) | B19: =IF(INDEX($D$1:$D$1611,$T$2+17)="","",INDEX($D$1:$D$1611,$T$2+17)) -> free | C19: =IF(INDEX($E$1:$E$1611,$T$2+17)="","",INDEX($E$1:$E$1611,$T$2+17)) | D19: =INDEX($F$1:$F$1611,$T$2+17) -> 0 | E19: =IF(INDEX($G$1:$G$1611,$T$2+17)="","",INDEX($G$1:$G$1611,$T$2+17)) | F19: =IF(INDEX($H$1:$H$1611,$T$2+17)="","",INDEX($H$1:$H$1611,$T$2+17)) | G19: =IF(INDEX($I$1:$I$1611,$T$2+17)="","",INDEX($I$1:$I$1611,$T$2+17)) | H19: =IF(INDEX($J$1:$J$1611,$T$2+17)="","",INDEX($J$1:$J$1611,$T$2+17)) | I19: =IF(INDEX($K$1:$K$1611,$T$2+17)="","",INDEX($K$1:$K$1611,$T$2+17)) | J19: =IF(P19="","",IF(COUNTBLANK(INDIRECT("'人物卡'!"&P19))>0,"",TRIM(INDIRECT("'人物卡'!"&P19)))) | K19: =IF(P19="",G19,IF(E19="skill",IF(AND(J19<>"",ISNUMBER(FIND("|"&J19&"|","|"&H19&"|"))),J19,""),IF(E19="any",IF(AND(J19<>"",J19<>"0",ISERROR(FIND("任选",J19)),ISERROR(FIND("（",J19)),ISERROR(FIND("）",J19))),C19&"（"&J19&"）",""),IF(E19="limited",IF(AND(J19<>"",ISNUMBER(FIND("|"&J19&"|","|"&H19&"|"))),C19&"（"&J19&"）",""),IF(J19=F19,G19,""))))) | L19: =AND(A19<>"",$Z$3=TRUE) -> FALSE | M19: =AND(L19,K19<>"",OR(COUNTIFS($K$18:$K$28,K19,$L$18:$L$28,TRUE)>1,AND(COUNTIFS($K$2:$K$17,K19,$L$2:$L$17,TRUE)>0,NOT(R19)))) -> FALSE | N19: =IF(A19="","",IF(NOT(L19),"未勾选",IF(E19="unknown","原文名称异常",IF(K19="","请在主卡填写／修正细项",IF(M19,"重复技能",IF(O19>0,"已计入","超选：暂不计入")))))) | O19: =IF(AND(附表!$I$12,L19,K19<>"",NOT(M19),$T$4<=$T$3),D19,0) -> 0 | P19: =IF(AND(C19="工艺",E19="",F19<>""),IF(AND(I19="工艺1",TRIM(人物卡!J25)=F19),"J25",IF(AND(I19="工艺2",TRIM(人物卡!J26)=F19),"J26",IF(AND(I19="工艺3",TRIM(人物卡!J27)=F19),"J27",IF(AND(I19="工艺4",TRIM(人物卡!J28)=F19),"J28",IF(TRIM(人物卡!J25)=F19,"J25",IF(TRIM(人物卡!J26)=F19,"J26",IF(TRIM(人物卡!J27)=F19,"J27",IF(TRIM(人物卡!J28)=F19,"J28",IF(INDEX($L$1:$L$1611,$T$2+17)="","",INDEX($L$1:$L$1611,$T$2+17)))))))))),IF(INDEX($L$1:$L$1611,$T$2+17)="","",INDEX($L$1:$L$1611,$T$2+17))) | Q19: =IF(INDEX($M$1:$M$1611,$T$2+17)="","",INDEX($M$1:$M$1611,$T$2+17)) -> V2 | R19: =INDEX($N$1:$N$1611,$T$2+17) -> FALSE
A20: =IF(INDEX($C$1:$C$1611,$T$2+18)="","",INDEX($C$1:$C$1611,$T$2+18)) | B20: =IF(INDEX($D$1:$D$1611,$T$2+18)="","",INDEX($D$1:$D$1611,$T$2+18)) -> free | C20: =IF(INDEX($E$1:$E$1611,$T$2+18)="","",INDEX($E$1:$E$1611,$T$2+18)) | D20: =INDEX($F$1:$F$1611,$T$2+18) -> 0 | E20: =IF(INDEX($G$1:$G$1611,$T$2+18)="","",INDEX($G$1:$G$1611,$T$2+18)) | F20: =IF(INDEX($H$1:$H$1611,$T$2+18)="","",INDEX($H$1:$H$1611,$T$2+18)) | G20: =IF(INDEX($I$1:$I$1611,$T$2+18)="","",INDEX($I$1:$I$1611,$T$2+18)) | H20: =IF(INDEX($J$1:$J$1611,$T$2+18)="","",INDEX($J$1:$J$1611,$T$2+18)) | I20: =IF(INDEX($K$1:$K$1611,$T$2+18)="","",INDEX($K$1:$K$1611,$T$2+18)) | J20: =IF(P20="","",IF(COUNTBLANK(INDIRECT("'人物卡'!"&P20))>0,"",TRIM(INDIRECT("'人物卡'!"&P20)))) | K20: =IF(P20="",G20,IF(E20="skill",IF(AND(J20<>"",ISNUMBER(FIND("|"&J20&"|","|"&H20&"|"))),J20,""),IF(E20="any",IF(AND(J20<>"",J20<>"0",ISERROR(FIND("任选",J20)),ISERROR(FIND("（",J20)),ISERROR(FIND("）",J20))),C20&"（"&J20&"）",""),IF(E20="limited",IF(AND(J20<>"",ISNUMBER(FIND("|"&J20&"|","|"&H20&"|"))),C20&"（"&J20&"）",""),IF(J20=F20,G20,""))))) | L20: =AND(A20<>"",$Z$4=TRUE) -> FALSE | M20: =AND(L20,K20<>"",OR(COUNTIFS($K$18:$K$28,K20,$L$18:$L$28,TRUE)>1,AND(COUNTIFS($K$2:$K$17,K20,$L$2:$L$17,TRUE)>0,NOT(R20)))) -> FALSE | N20: =IF(A20="","",IF(NOT(L20),"未勾选",IF(E20="unknown","原文名称异常",IF(K20="","请在主卡填写／修正细项",IF(M20,"重复技能",IF(O20>0,"已计入","超选：暂不计入")))))) | O20: =IF(AND(附表!$I$12,L20,K20<>"",NOT(M20),$T$4<=$T$3),D20,0) -> 0 | P20: =IF(AND(C20="工艺",E20="",F20<>""),IF(AND(I20="工艺1",TRIM(人物卡!J25)=F20),"J25",IF(AND(I20="工艺2",TRIM(人物卡!J26)=F20),"J26",IF(AND(I20="工艺3",TRIM(人物卡!J27)=F20),"J27",IF(AND(I20="工艺4",TRIM(人物卡!J28)=F20),"J28",IF(TRIM(人物卡!J25)=F20,"J25",IF(TRIM(人物卡!J26)=F20,"J26",IF(TRIM(人物卡!J27)=F20,"J27",IF(TRIM(人物卡!J28)=F20,"J28",IF(INDEX($L$1:$L$1611,$T$2+18)="","",INDEX($L$1:$L$1611,$T$2+18)))))))))),IF(INDEX($L$1:$L$1611,$T$2+18)="","",INDEX($L$1:$L$1611,$T$2+18))) | Q20: =IF(INDEX($M$1:$M$1611,$T$2+18)="","",INDEX($M$1:$M$1611,$T$2+18)) -> W2 | R20: =INDEX($N$1:$N$1611,$T$2+18) -> FALSE
A21: =IF(INDEX($C$1:$C$1611,$T$2+19)="","",INDEX($C$1:$C$1611,$T$2+19)) | B21: =IF(INDEX($D$1:$D$1611,$T$2+19)="","",INDEX($D$1:$D$1611,$T$2+19)) -> free | C21: =IF(INDEX($E$1:$E$1611,$T$2+19)="","",INDEX($E$1:$E$1611,$T$2+19)) | D21: =INDEX($F$1:$F$1611,$T$2+19) -> 0 | E21: =IF(INDEX($G$1:$G$1611,$T$2+19)="","",INDEX($G$1:$G$1611,$T$2+19)) | F21: =IF(INDEX($H$1:$H$1611,$T$2+19)="","",INDEX($H$1:$H$1611,$T$2+19)) | G21: =IF(INDEX($I$1:$I$1611,$T$2+19)="","",INDEX($I$1:$I$1611,$T$2+19)) | H21: =IF(INDEX($J$1:$J$1611,$T$2+19)="","",INDEX($J$1:$J$1611,$T$2+19)) | I21: =IF(INDEX($K$1:$K$1611,$T$2+19)="","",INDEX($K$1:$K$1611,$T$2+19)) | J21: =IF(P21="","",IF(COUNTBLANK(INDIRECT("'人物卡'!"&P21))>0,"",TRIM(INDIRECT("'人物卡'!"&P21)))) | K21: =IF(P21="",G21,IF(E21="skill",IF(AND(J21<>"",ISNUMBER(FIND("|"&J21&"|","|"&H21&"|"))),J21,""),IF(E21="any",IF(AND(J21<>"",J21<>"0",ISERROR(FIND("任选",J21)),ISERROR(FIND("（",J21)),ISERROR(FIND("）",J21))),C21&"（"&J21&"）",""),IF(E21="limited",IF(AND(J21<>"",ISNUMBER(FIND("|"&J21&"|","|"&H21&"|"))),C21&"（"&J21&"）",""),IF(J21=F21,G21,""))))) | L21: =AND(A21<>"",$Z$5=TRUE) -> FALSE | M21: =AND(L21,K21<>"",OR(COUNTIFS($K$18:$K$28,K21,$L$18:$L$28,TRUE)>1,AND(COUNTIFS($K$2:$K$17,K21,$L$2:$L$17,TRUE)>0,NOT(R21)))) -> FALSE | N21: =IF(A21="","",IF(NOT(L21),"未勾选",IF(E21="unknown","原文名称异常",IF(K21="","请在主卡填写／修正细项",IF(M21,"重复技能",IF(O21>0,"已计入","超选：暂不计入")))))) | O21: =IF(AND(附表!$I$12,L21,K21<>"",NOT(M21),$T$4<=$T$3),D21,0) -> 0 | P21: =IF(AND(C21="工艺",E21="",F21<>""),IF(AND(I21="工艺1",TRIM(人物卡!J25)=F21),"J25",IF(AND(I21="工艺2",TRIM(人物卡!J26)=F21),"J26",IF(AND(I21="工艺3",TRIM(人物卡!J27)=F21),"J27",IF(AND(I21="工艺4",TRIM(人物卡!J28)=F21),"J28",IF(TRIM(人物卡!J25)=F21,"J25",IF(TRIM(人物卡!J26)=F21,"J26",IF(TRIM(人物卡!J27)=F21,"J27",IF(TRIM(人物卡!J28)=F21,"J28",IF(INDEX($L$1:$L$1611,$T$2+19)="","",INDEX($L$1:$L$1611,$T$2+19)))))))))),IF(INDEX($L$1:$L$1611,$T$2+19)="","",INDEX($L$1:$L$1611,$T$2+19))) | Q21: =IF(INDEX($M$1:$M$1611,$T$2+19)="","",INDEX($M$1:$M$1611,$T$2+19)) -> X2 | R21: =INDEX($N$1:$N$1611,$T$2+19) -> FALSE
A22: =IF(INDEX($C$1:$C$1611,$T$2+20)="","",INDEX($C$1:$C$1611,$T$2+20)) | B22: =IF(INDEX($D$1:$D$1611,$T$2+20)="","",INDEX($D$1:$D$1611,$T$2+20)) -> free | C22: =IF(INDEX($E$1:$E$1611,$T$2+20)="","",INDEX($E$1:$E$1611,$T$2+20)) | D22: =INDEX($F$1:$F$1611,$T$2+20) -> 0 | E22: =IF(INDEX($G$1:$G$1611,$T$2+20)="","",INDEX($G$1:$G$1611,$T$2+20)) | F22: =IF(INDEX($H$1:$H$1611,$T$2+20)="","",INDEX($H$1:$H$1611,$T$2+20)) | G22: =IF(INDEX($I$1:$I$1611,$T$2+20)="","",INDEX($I$1:$I$1611,$T$2+20)) | H22: =IF(INDEX($J$1:$J$1611,$T$2+20)="","",INDEX($J$1:$J$1611,$T$2+20)) | I22: =IF(INDEX($K$1:$K$1611,$T$2+20)="","",INDEX($K$1:$K$1611,$T$2+20)) | J22: =IF(P22="","",IF(COUNTBLANK(INDIRECT("'人物卡'!"&P22))>0,"",TRIM(INDIRECT("'人物卡'!"&P22)))) | K22: =IF(P22="",G22,IF(E22="skill",IF(AND(J22<>"",ISNUMBER(FIND("|"&J22&"|","|"&H22&"|"))),J22,""),IF(E22="any",IF(AND(J22<>"",J22<>"0",ISERROR(FIND("任选",J22)),ISERROR(FIND("（",J22)),ISERROR(FIND("）",J22))),C22&"（"&J22&"）",""),IF(E22="limited",IF(AND(J22<>"",ISNUMBER(FIND("|"&J22&"|","|"&H22&"|"))),C22&"（"&J22&"）",""),IF(J22=F22,G22,""))))) | L22: =AND(A22<>"",$Z$6=TRUE) -> FALSE | M22: =AND(L22,K22<>"",OR(COUNTIFS($K$18:$K$28,K22,$L$18:$L$28,TRUE)>1,AND(COUNTIFS($K$2:$K$17,K22,$L$2:$L$17,TRUE)>0,NOT(R22)))) -> FALSE | N22: =IF(A22="","",IF(NOT(L22),"未勾选",IF(E22="unknown","原文名称异常",IF(K22="","请在主卡填写／修正细项",IF(M22,"重复技能",IF(O22>0,"已计入","超选：暂不计入")))))) | O22: =IF(AND(附表!$I$12,L22,K22<>"",NOT(M22),$T$4<=$T$3),D22,0) -> 0 | P22: =IF(AND(C22="工艺",E22="",F22<>""),IF(AND(I22="工艺1",TRIM(人物卡!J25)=F22),"J25",IF(AND(I22="工艺2",TRIM(人物卡!J26)=F22),"J26",IF(AND(I22="工艺3",TRIM(人物卡!J27)=F22),"J27",IF(AND(I22="工艺4",TRIM(人物卡!J28)=F22),"J28",IF(TRIM(人物卡!J25)=F22,"J25",IF(TRIM(人物卡!J26)=F22,"J26",IF(TRIM(人物卡!J27)=F22,"J27",IF(TRIM(人物卡!J28)=F22,"J28",IF(INDEX($L$1:$L$1611,$T$2+20)="","",INDEX($L$1:$L$1611,$T$2+20)))))))))),IF(INDEX($L$1:$L$1611,$T$2+20)="","",INDEX($L$1:$L$1611,$T$2+20))) | Q22: =IF(INDEX($M$1:$M$1611,$T$2+20)="","",INDEX($M$1:$M$1611,$T$2+20)) -> Y2 | R22: =INDEX($N$1:$N$1611,$T$2+20) -> FALSE
A23: =IF(INDEX($C$1:$C$1611,$T$2+21)="","",INDEX($C$1:$C$1611,$T$2+21)) | B23: =IF(INDEX($D$1:$D$1611,$T$2+21)="","",INDEX($D$1:$D$1611,$T$2+21)) -> free | C23: =IF(INDEX($E$1:$E$1611,$T$2+21)="","",INDEX($E$1:$E$1611,$T$2+21)) | D23: =INDEX($F$1:$F$1611,$T$2+21) -> 0 | E23: =IF(INDEX($G$1:$G$1611,$T$2+21)="","",INDEX($G$1:$G$1611,$T$2+21)) | F23: =IF(INDEX($H$1:$H$1611,$T$2+21)="","",INDEX($H$1:$H$1611,$T$2+21)) | G23: =IF(INDEX($I$1:$I$1611,$T$2+21)="","",INDEX($I$1:$I$1611,$T$2+21)) | H23: =IF(INDEX($J$1:$J$1611,$T$2+21)="","",INDEX($J$1:$J$1611,$T$2+21)) | I23: =IF(INDEX($K$1:$K$1611,$T$2+21)="","",INDEX($K$1:$K$1611,$T$2+21)) | J23: =IF(P23="","",IF(COUNTBLANK(INDIRECT("'人物卡'!"&P23))>0,"",TRIM(INDIRECT("'人物卡'!"&P23)))) | K23: =IF(P23="",G23,IF(E23="skill",IF(AND(J23<>"",ISNUMBER(FIND("|"&J23&"|","|"&H23&"|"))),J23,""),IF(E23="any",IF(AND(J23<>"",J23<>"0",ISERROR(FIND("任选",J23)),ISERROR(FIND("（",J23)),ISERROR(FIND("）",J23))),C23&"（"&J23&"）",""),IF(E23="limited",IF(AND(J23<>"",ISNUMBER(FIND("|"&J23&"|","|"&H23&"|"))),C23&"（"&J23&"）",""),IF(J23=F23,G23,""))))) | L23: =AND(A23<>"",$Z$7=TRUE) -> FALSE | M23: =AND(L23,K23<>"",OR(COUNTIFS($K$18:$K$28,K23,$L$18:$L$28,TRUE)>1,AND(COUNTIFS($K$2:$K$17,K23,$L$2:$L$17,TRUE)>0,NOT(R23)))) -> FALSE | N23: =IF(A23="","",IF(NOT(L23),"未勾选",IF(E23="unknown","原文名称异常",IF(K23="","请在主卡填写／修正细项",IF(M23,"重复技能",IF(O23>0,"已计入","超选：暂不计入")))))) | O23: =IF(AND(附表!$I$12,L23,K23<>"",NOT(M23),$T$4<=$T$3),D23,0) -> 0 | P23: =IF(AND(C23="工艺",E23="",F23<>""),IF(AND(I23="工艺1",TRIM(人物卡!J25)=F23),"J25",IF(AND(I23="工艺2",TRIM(人物卡!J26)=F23),"J26",IF(AND(I23="工艺3",TRIM(人物卡!J27)=F23),"J27",IF(AND(I23="工艺4",TRIM(人物卡!J28)=F23),"J28",IF(TRIM(人物卡!J25)=F23,"J25",IF(TRIM(人物卡!J26)=F23,"J26",IF(TRIM(人物卡!J27)=F23,"J27",IF(TRIM(人物卡!J28)=F23,"J28",IF(INDEX($L$1:$L$1611,$T$2+21)="","",INDEX($L$1:$L$1611,$T$2+21)))))))))),IF(INDEX($L$1:$L$1611,$T$2+21)="","",INDEX($L$1:$L$1611,$T$2+21))) | Q23: =IF(INDEX($M$1:$M$1611,$T$2+21)="","",INDEX($M$1:$M$1611,$T$2+21)) -> Z2 | R23: =INDEX($N$1:$N$1611,$T$2+21) -> FALSE
A24: =IF(INDEX($C$1:$C$1611,$T$2+22)="","",INDEX($C$1:$C$1611,$T$2+22)) | B24: =IF(INDEX($D$1:$D$1611,$T$2+22)="","",INDEX($D$1:$D$1611,$T$2+22)) -> free | C24: =IF(INDEX($E$1:$E$1611,$T$2+22)="","",INDEX($E$1:$E$1611,$T$2+22)) | D24: =INDEX($F$1:$F$1611,$T$2+22) -> 0 | E24: =IF(INDEX($G$1:$G$1611,$T$2+22)="","",INDEX($G$1:$G$1611,$T$2+22)) | F24: =IF(INDEX($H$1:$H$1611,$T$2+22)="","",INDEX($H$1:$H$1611,$T$2+22)) | G24: =IF(INDEX($I$1:$I$1611,$T$2+22)="","",INDEX($I$1:$I$1611,$T$2+22)) | H24: =IF(INDEX($J$1:$J$1611,$T$2+22)="","",INDEX($J$1:$J$1611,$T$2+22)) | I24: =IF(INDEX($K$1:$K$1611,$T$2+22)="","",INDEX($K$1:$K$1611,$T$2+22)) | J24: =IF(P24="","",IF(COUNTBLANK(INDIRECT("'人物卡'!"&P24))>0,"",TRIM(INDIRECT("'人物卡'!"&P24)))) | K24: =IF(P24="",G24,IF(E24="skill",IF(AND(J24<>"",ISNUMBER(FIND("|"&J24&"|","|"&H24&"|"))),J24,""),IF(E24="any",IF(AND(J24<>"",J24<>"0",ISERROR(FIND("任选",J24)),ISERROR(FIND("（",J24)),ISERROR(FIND("）",J24))),C24&"（"&J24&"）",""),IF(E24="limited",IF(AND(J24<>"",ISNUMBER(FIND("|"&J24&"|","|"&H24&"|"))),C24&"（"&J24&"）",""),IF(J24=F24,G24,""))))) | L24: =AND(A24<>"",$Z$8=TRUE) -> FALSE | M24: =AND(L24,K24<>"",OR(COUNTIFS($K$18:$K$28,K24,$L$18:$L$28,TRUE)>1,AND(COUNTIFS($K$2:$K$17,K24,$L$2:$L$17,TRUE)>0,NOT(R24)))) -> FALSE | N24: =IF(A24="","",IF(NOT(L24),"未勾选",IF(E24="unknown","原文名称异常",IF(K24="","请在主卡填写／修正细项",IF(M24,"重复技能",IF(O24>0,"已计入","超选：暂不计入")))))) | O24: =IF(AND(附表!$I$12,L24,K24<>"",NOT(M24),$T$4<=$T$3),D24,0) -> 0 | P24: =IF(AND(C24="工艺",E24="",F24<>""),IF(AND(I24="工艺1",TRIM(人物卡!J25)=F24),"J25",IF(AND(I24="工艺2",TRIM(人物卡!J26)=F24),"J26",IF(AND(I24="工艺3",TRIM(人物卡!J27)=F24),"J27",IF(AND(I24="工艺4",TRIM(人物卡!J28)=F24),"J28",IF(TRIM(人物卡!J25)=F24,"J25",IF(TRIM(人物卡!J26)=F24,"J26",IF(TRIM(人物卡!J27)=F24,"J27",IF(TRIM(人物卡!J28)=F24,"J28",IF(INDEX($L$1:$L$1611,$T$2+22)="","",INDEX($L$1:$L$1611,$T$2+22)))))))))),IF(INDEX($L$1:$L$1611,$T$2+22)="","",INDEX($L$1:$L$1611,$T$2+22))) | Q24: =IF(INDEX($M$1:$M$1611,$T$2+22)="","",INDEX($M$1:$M$1611,$T$2+22)) -> AA2 | R24: =INDEX($N$1:$N$1611,$T$2+22) -> FALSE
A25: =IF(INDEX($C$1:$C$1611,$T$2+23)="","",INDEX($C$1:$C$1611,$T$2+23)) | B25: =IF(INDEX($D$1:$D$1611,$T$2+23)="","",INDEX($D$1:$D$1611,$T$2+23)) -> free | C25: =IF(INDEX($E$1:$E$1611,$T$2+23)="","",INDEX($E$1:$E$1611,$T$2+23)) | D25: =INDEX($F$1:$F$1611,$T$2+23) -> 0 | E25: =IF(INDEX($G$1:$G$1611,$T$2+23)="","",INDEX($G$1:$G$1611,$T$2+23)) | F25: =IF(INDEX($H$1:$H$1611,$T$2+23)="","",INDEX($H$1:$H$1611,$T$2+23)) | G25: =IF(INDEX($I$1:$I$1611,$T$2+23)="","",INDEX($I$1:$I$1611,$T$2+23)) | H25: =IF(INDEX($J$1:$J$1611,$T$2+23)="","",INDEX($J$1:$J$1611,$T$2+23)) | I25: =IF(INDEX($K$1:$K$1611,$T$2+23)="","",INDEX($K$1:$K$1611,$T$2+23)) | J25: =IF(P25="","",IF(COUNTBLANK(INDIRECT("'人物卡'!"&P25))>0,"",TRIM(INDIRECT("'人物卡'!"&P25)))) | K25: =IF(P25="",G25,IF(E25="skill",IF(AND(J25<>"",ISNUMBER(FIND("|"&J25&"|","|"&H25&"|"))),J25,""),IF(E25="any",IF(AND(J25<>"",J25<>"0",ISERROR(FIND("任选",J25)),ISERROR(FIND("（",J25)),ISERROR(FIND("）",J25))),C25&"（"&J25&"）",""),IF(E25="limited",IF(AND(J25<>"",ISNUMBER(FIND("|"&J25&"|","|"&H25&"|"))),C25&"（"&J25&"）",""),IF(J25=F25,G25,""))))) | L25: =AND(A25<>"",$Z$9=TRUE) -> FALSE | M25: =AND(L25,K25<>"",OR(COUNTIFS($K$18:$K$28,K25,$L$18:$L$28,TRUE)>1,AND(COUNTIFS($K$2:$K$17,K25,$L$2:$L$17,TRUE)>0,NOT(R25)))) -> FALSE | N25: =IF(A25="","",IF(NOT(L25),"未勾选",IF(E25="unknown","原文名称异常",IF(K25="","请在主卡填写／修正细项",IF(M25,"重复技能",IF(O25>0,"已计入","超选：暂不计入")))))) | O25: =IF(AND(附表!$I$12,L25,K25<>"",NOT(M25),$T$4<=$T$3),D25,0) -> 0 | P25: =IF(AND(C25="工艺",E25="",F25<>""),IF(AND(I25="工艺1",TRIM(人物卡!J25)=F25),"J25",IF(AND(I25="工艺2",TRIM(人物卡!J26)=F25),"J26",IF(AND(I25="工艺3",TRIM(人物卡!J27)=F25),"J27",IF(AND(I25="工艺4",TRIM(人物卡!J28)=F25),"J28",IF(TRIM(人物卡!J25)=F25,"J25",IF(TRIM(人物卡!J26)=F25,"J26",IF(TRIM(人物卡!J27)=F25,"J27",IF(TRIM(人物卡!J28)=F25,"J28",IF(INDEX($L$1:$L$1611,$T$2+23)="","",INDEX($L$1:$L$1611,$T$2+23)))))))))),IF(INDEX($L$1:$L$1611,$T$2+23)="","",INDEX($L$1:$L$1611,$T$2+23))) | Q25: =IF(INDEX($M$1:$M$1611,$T$2+23)="","",INDEX($M$1:$M$1611,$T$2+23)) -> AB2 | R25: =INDEX($N$1:$N$1611,$T$2+23) -> FALSE
A26: =IF(INDEX($C$1:$C$1611,$T$2+24)="","",INDEX($C$1:$C$1611,$T$2+24)) | B26: =IF(INDEX($D$1:$D$1611,$T$2+24)="","",INDEX($D$1:$D$1611,$T$2+24)) -> free | C26: =IF(INDEX($E$1:$E$1611,$T$2+24)="","",INDEX($E$1:$E$1611,$T$2+24)) | D26: =INDEX($F$1:$F$1611,$T$2+24) -> 0 | E26: =IF(INDEX($G$1:$G$1611,$T$2+24)="","",INDEX($G$1:$G$1611,$T$2+24)) | F26: =IF(INDEX($H$1:$H$1611,$T$2+24)="","",INDEX($H$1:$H$1611,$T$2+24)) | G26: =IF(INDEX($I$1:$I$1611,$T$2+24)="","",INDEX($I$1:$I$1611,$T$2+24)) | H26: =IF(INDEX($J$1:$J$1611,$T$2+24)="","",INDEX($J$1:$J$1611,$T$2+24)) | I26: =IF(INDEX($K$1:$K$1611,$T$2+24)="","",INDEX($K$1:$K$1611,$T$2+24)) | J26: =IF(P26="","",IF(COUNTBLANK(INDIRECT("'人物卡'!"&P26))>0,"",TRIM(INDIRECT("'人物卡'!"&P26)))) | K26: =IF(P26="",G26,IF(E26="skill",IF(AND(J26<>"",ISNUMBER(FIND("|"&J26&"|","|"&H26&"|"))),J26,""),IF(E26="any",IF(AND(J26<>"",J26<>"0",ISERROR(FIND("任选",J26)),ISERROR(FIND("（",J26)),ISERROR(FIND("）",J26))),C26&"（"&J26&"）",""),IF(E26="limited",IF(AND(J26<>"",ISNUMBER(FIND("|"&J26&"|","|"&H26&"|"))),C26&"（"&J26&"）",""),IF(J26=F26,G26,""))))) | L26: =AND(A26<>"",$Z$10=TRUE) -> FALSE | M26: =AND(L26,K26<>"",OR(COUNTIFS($K$18:$K$28,K26,$L$18:$L$28,TRUE)>1,AND(COUNTIFS($K$2:$K$17,K26,$L$2:$L$17,TRUE)>0,NOT(R26)))) -> FALSE | N26: =IF(A26="","",IF(NOT(L26),"未勾选",IF(E26="unknown","原文名称异常",IF(K26="","请在主卡填写／修正细项",IF(M26,"重复技能",IF(O26>0,"已计入","超选：暂不计入")))))) | O26: =IF(AND(附表!$I$12,L26,K26<>"",NOT(M26),$T$4<=$T$3),D26,0) -> 0 | P26: =IF(AND(C26="工艺",E26="",F26<>""),IF(AND(I26="工艺1",TRIM(人物卡!J25)=F26),"J25",IF(AND(I26="工艺2",TRIM(人物卡!J26)=F26),"J26",IF(AND(I26="工艺3",TRIM(人物卡!J27)=F26),"J27",IF(AND(I26="工艺4",TRIM(人物卡!J28)=F26),"J28",IF(TRIM(人物卡!J25)=F26,"J25",IF(TRIM(人物卡!J26)=F26,"J26",IF(TRIM(人物卡!J27)=F26,"J27",IF(TRIM(人物卡!J28)=F26,"J28",IF(INDEX($L$1:$L$1611,$T$2+24)="","",INDEX($L$1:$L$1611,$T$2+24)))))))))),IF(INDEX($L$1:$L$1611,$T$2+24)="","",INDEX($L$1:$L$1611,$T$2+24))) | Q26: =IF(INDEX($M$1:$M$1611,$T$2+24)="","",INDEX($M$1:$M$1611,$T$2+24)) -> AC2 | R26: =INDEX($N$1:$N$1611,$T$2+24) -> FALSE
A27: =IF(INDEX($C$1:$C$1611,$T$2+25)="","",INDEX($C$1:$C$1611,$T$2+25)) | B27: =IF(INDEX($D$1:$D$1611,$T$2+25)="","",INDEX($D$1:$D$1611,$T$2+25)) -> free | C27: =IF(INDEX($E$1:$E$1611,$T$2+25)="","",INDEX($E$1:$E$1611,$T$2+25)) | D27: =INDEX($F$1:$F$1611,$T$2+25) -> 0 | E27: =IF(INDEX($G$1:$G$1611,$T$2+25)="","",INDEX($G$1:$G$1611,$T$2+25)) | F27: =IF(INDEX($H$1:$H$1611,$T$2+25)="","",INDEX($H$1:$H$1611,$T$2+25)) | G27: =IF(INDEX($I$1:$I$1611,$T$2+25)="","",INDEX($I$1:$I$1611,$T$2+25)) | H27: =IF(INDEX($J$1:$J$1611,$T$2+25)="","",INDEX($J$1:$J$1611,$T$2+25)) | I27: =IF(INDEX($K$1:$K$1611,$T$2+25)="","",INDEX($K$1:$K$1611,$T$2+25)) | J27: =IF(P27="","",IF(COUNTBLANK(INDIRECT("'人物卡'!"&P27))>0,"",TRIM(INDIRECT("'人物卡'!"&P27)))) | K27: =IF(P27="",G27,IF(E27="skill",IF(AND(J27<>"",ISNUMBER(FIND("|"&J27&"|","|"&H27&"|"))),J27,""),IF(E27="any",IF(AND(J27<>"",J27<>"0",ISERROR(FIND("任选",J27)),ISERROR(FIND("（",J27)),ISERROR(FIND("）",J27))),C27&"（"&J27&"）",""),IF(E27="limited",IF(AND(J27<>"",ISNUMBER(FIND("|"&J27&"|","|"&H27&"|"))),C27&"（"&J27&"）",""),IF(J27=F27,G27,""))))) | L27: =AND(A27<>"",$Z$11=TRUE) -> FALSE | M27: =AND(L27,K27<>"",OR(COUNTIFS($K$18:$K$28,K27,$L$18:$L$28,TRUE)>1,AND(COUNTIFS($K$2:$K$17,K27,$L$2:$L$17,TRUE)>0,NOT(R27)))) -> FALSE | N27: =IF(A27="","",IF(NOT(L27),"未勾选",IF(E27="unknown","原文名称异常",IF(K27="","请在主卡填写／修正细项",IF(M27,"重复技能",IF(O27>0,"已计入","超选：暂不计入")))))) | O27: =IF(AND(附表!$I$12,L27,K27<>"",NOT(M27),$T$4<=$T$3),D27,0) -> 0 | P27: =IF(AND(C27="工艺",E27="",F27<>""),IF(AND(I27="工艺1",TRIM(人物卡!J25)=F27),"J25",IF(AND(I27="工艺2",TRIM(人物卡!J26)=F27),"J26",IF(AND(I27="工艺3",TRIM(人物卡!J27)=F27),"J27",IF(AND(I27="工艺4",TRIM(人物卡!J28)=F27),"J28",IF(TRIM(人物卡!J25)=F27,"J25",IF(TRIM(人物卡!J26)=F27,"J26",IF(TRIM(人物卡!J27)=F27,"J27",IF(TRIM(人物卡!J28)=F27,"J28",IF(INDEX($L$1:$L$1611,$T$2+25)="","",INDEX($L$1:$L$1611,$T$2+25)))))))))),IF(INDEX($L$1:$L$1611,$T$2+25)="","",INDEX($L$1:$L$1611,$T$2+25))) | Q27: =IF(INDEX($M$1:$M$1611,$T$2+25)="","",INDEX($M$1:$M$1611,$T$2+25)) -> AD2 | R27: =INDEX($N$1:$N$1611,$T$2+25) -> FALSE
A28: =IF(INDEX($C$1:$C$1611,$T$2+26)="","",INDEX($C$1:$C$1611,$T$2+26)) | B28: =IF(INDEX($D$1:$D$1611,$T$2+26)="","",INDEX($D$1:$D$1611,$T$2+26)) -> free | C28: =IF(INDEX($E$1:$E$1611,$T$2+26)="","",INDEX($E$1:$E$1611,$T$2+26)) | D28: =INDEX($F$1:$F$1611,$T$2+26) -> 0 | E28: =IF(INDEX($G$1:$G$1611,$T$2+26)="","",INDEX($G$1:$G$1611,$T$2+26)) | F28: =IF(INDEX($H$1:$H$1611,$T$2+26)="","",INDEX($H$1:$H$1611,$T$2+26)) | G28: =IF(INDEX($I$1:$I$1611,$T$2+26)="","",INDEX($I$1:$I$1611,$T$2+26)) | H28: =IF(INDEX($J$1:$J$1611,$T$2+26)="","",INDEX($J$1:$J$1611,$T$2+26)) | I28: =IF(INDEX($K$1:$K$1611,$T$2+26)="","",INDEX($K$1:$K$1611,$T$2+26)) | J28: =IF(P28="","",IF(COUNTBLANK(INDIRECT("'人物卡'!"&P28))>0,"",TRIM(INDIRECT("'人物卡'!"&P28)))) | K28: =IF(P28="",G28,IF(E28="skill",IF(AND(J28<>"",ISNUMBER(FIND("|"&J28&"|","|"&H28&"|"))),J28,""),IF(E28="any",IF(AND(J28<>"",J28<>"0",ISERROR(FIND("任选",J28)),ISERROR(FIND("（",J28)),ISERROR(FIND("）",J28))),C28&"（"&J28&"）",""),IF(E28="limited",IF(AND(J28<>"",ISNUMBER(FIND("|"&J28&"|","|"&H28&"|"))),C28&"（"&J28&"）",""),IF(J28=F28,G28,""))))) | L28: =AND(A28<>"",$Z$12=TRUE) -> FALSE | M28: =AND(L28,K28<>"",OR(COUNTIFS($K$18:$K$28,K28,$L$18:$L$28,TRUE)>1,AND(COUNTIFS($K$2:$K$17,K28,$L$2:$L$17,TRUE)>0,NOT(R28)))) -> FALSE | N28: =IF(A28="","",IF(NOT(L28),"未勾选",IF(E28="unknown","原文名称异常",IF(K28="","请在主卡填写／修正细项",IF(M28,"重复技能",IF(O28>0,"已计入","超选：暂不计入")))))) | O28: =IF(AND(附表!$I$12,L28,K28<>"",NOT(M28),$T$4<=$T$3),D28,0) -> 0 | P28: =IF(AND(C28="工艺",E28="",F28<>""),IF(AND(I28="工艺1",TRIM(人物卡!J25)=F28),"J25",IF(AND(I28="工艺2",TRIM(人物卡!J26)=F28),"J26",IF(AND(I28="工艺3",TRIM(人物卡!J27)=F28),"J27",IF(AND(I28="工艺4",TRIM(人物卡!J28)=F28),"J28",IF(TRIM(人物卡!J25)=F28,"J25",IF(TRIM(人物卡!J26)=F28,"J26",IF(TRIM(人物卡!J27)=F28,"J27",IF(TRIM(人物卡!J28)=F28,"J28",IF(INDEX($L$1:$L$1611,$T$2+26)="","",INDEX($L$1:$L$1611,$T$2+26)))))))))),IF(INDEX($L$1:$L$1611,$T$2+26)="","",INDEX($L$1:$L$1611,$T$2+26))) | Q28: =IF(INDEX($M$1:$M$1611,$T$2+26)="","",INDEX($M$1:$M$1611,$T$2+26)) -> AE2 | R28: =INDEX($N$1:$N$1611,$T$2+26) -> FALSE
U40: =人物卡!D14 -> 会计学 | V40: =IF(附表!$I$12,MAX(IF($K$2=U40,$O$2,0),IF($K$3=U40,$O$3,0),IF($K$4=U40,$O$4,0),IF($K$5=U40,$O$5,0),IF($K$6=U40,$O$6,0),IF($K$7=U40,$O$7,0),IF($K$8=U40,$O$8,0),IF($K$9=U40,$O$9,0),IF($K$10=U40,$O$10,0),IF($K$11=U40,$O$11,0),IF($K$12=U40,$O$12,0),IF($K$13=U40,$O$13,0),IF($K$14=U40,$O$14,0),IF($K$15=U40,$O$15,0),IF($K$16=U40,$O$16,0),IF($K$17=U40,$O$17,0),IF($K$18=U40,$O$18,0),IF($K$19=U40,$O$19,0),IF($K$20=U40,$O$20,0),IF($K$21=U40,$O$21,0),IF($K$22=U40,$O$22,0),IF($K$23=U40,$O$23,0),IF($K$24=U40,$O$24,0),IF($K$25=U40,$O$25,0),IF($K$26=U40,$O$26,0),IF($K$27=U40,$O$27,0),IF($K$28=U40,$O$28,0)),0) -> 0 | W40: V14
U41: =人物卡!AG14 -> 法律 | V41: =IF(附表!$I$12,MAX(IF($K$2=U41,$O$2,0),IF($K$3=U41,$O$3,0),IF($K$4=U41,$O$4,0),IF($K$5=U41,$O$5,0),IF($K$6=U41,$O$6,0),IF($K$7=U41,$O$7,0),IF($K$8=U41,$O$8,0),IF($K$9=U41,$O$9,0),IF($K$10=U41,$O$10,0),IF($K$11=U41,$O$11,0),IF($K$12=U41,$O$12,0),IF($K$13=U41,$O$13,0),IF($K$14=U41,$O$14,0),IF($K$15=U41,$O$15,0),IF($K$16=U41,$O$16,0),IF($K$17=U41,$O$17,0),IF($K$18=U41,$O$18,0),IF($K$19=U41,$O$19,0),IF($K$20=U41,$O$20,0),IF($K$21=U41,$O$21,0),IF($K$22=U41,$O$22,0),IF($K$23=U41,$O$23,0),IF($K$24=U41,$O$24,0),IF($K$25=U41,$O$25,0),IF($K$26=U41,$O$26,0),IF($K$27=U41,$O$27,0),IF($K$28=U41,$O$28,0)),0) -> 0 | W41: AY14
U42: =人物卡!D15 -> 警觉 | V42: =IF(附表!$I$12,MAX(IF($K$2=U42,$O$2,0),IF($K$3=U42,$O$3,0),IF($K$4=U42,$O$4,0),IF($K$5=U42,$O$5,0),IF($K$6=U42,$O$6,0),IF($K$7=U42,$O$7,0),IF($K$8=U42,$O$8,0),IF($K$9=U42,$O$9,0),IF($K$10=U42,$O$10,0),IF($K$11=U42,$O$11,0),IF($K$12=U42,$O$12,0),IF($K$13=U42,$O$13,0),IF($K$14=U42,$O$14,0),IF($K$15=U42,$O$15,0),IF($K$16=U42,$O$16,0),IF($K$17=U42,$O$17,0),IF($K$18=U42,$O$18,0),IF($K$19=U42,$O$19,0),IF($K$20=U42,$O$20,0),IF($K$21=U42,$O$21,0),IF($K$22=U42,$O$22,0),IF($K$23=U42,$O$23,0),IF($K$24=U42,$O$24,0),IF($K$25=U42,$O$25,0),IF($K$26=U42,$O$26,0),IF($K$27=U42,$O$27,0),IF($K$28=U42,$O$28,0)),0) -> 0 | W42: V15
U43: =人物卡!AG15 -> 医学 | V43: =IF(附表!$I$12,MAX(IF($K$2=U43,$O$2,0),IF($K$3=U43,$O$3,0),IF($K$4=U43,$O$4,0),IF($K$5=U43,$O$5,0),IF($K$6=U43,$O$6,0),IF($K$7=U43,$O$7,0),IF($K$8=U43,$O$8,0),IF($K$9=U43,$O$9,0),IF($K$10=U43,$O$10,0),IF($K$11=U43,$O$11,0),IF($K$12=U43,$O$12,0),IF($K$13=U43,$O$13,0),IF($K$14=U43,$O$14,0),IF($K$15=U43,$O$15,0),IF($K$16=U43,$O$16,0),IF($K$17=U43,$O$17,0),IF($K$18=U43,$O$18,0),IF($K$19=U43,$O$19,0),IF($K$20=U43,$O$20,0),IF($K$21=U43,$O$21,0),IF($K$22=U43,$O$22,0),IF($K$23=U43,$O$23,0),IF($K$24=U43,$O$24,0),IF($K$25=U43,$O$25,0),IF($K$26=U43,$O$26,0),IF($K$27=U43,$O$27,0),IF($K$28=U43,$O$28,0)),0) -> 0 | W43: AY15
U44: =人物卡!D16 -> 人类学 | V44: =IF(附表!$I$12,MAX(IF($K$2=U44,$O$2,0),IF($K$3=U44,$O$3,0),IF($K$4=U44,$O$4,0),IF($K$5=U44,$O$5,0),IF($K$6=U44,$O$6,0),IF($K$7=U44,$O$7,0),IF($K$8=U44,$O$8,0),IF($K$9=U44,$O$9,0),IF($K$10=U44,$O$10,0),IF($K$11=U44,$O$11,0),IF($K$12=U44,$O$12,0),IF($K$13=U44,$O$13,0),IF($K$14=U44,$O$14,0),IF($K$15=U44,$O$15,0),IF($K$16=U44,$O$16,0),IF($K$17=U44,$O$17,0),IF($K$18=U44,$O$18,0),IF($K$19=U44,$O$19,0),IF($K$20=U44,$O$20,0),IF($K$21=U44,$O$21,0),IF($K$22=U44,$O$22,0),IF($K$23=U44,$O$23,0),IF($K$24=U44,$O$24,0),IF($K$25=U44,$O$25,0),IF($K$26=U44,$O$26,0),IF($K$27=U44,$O$27,0),IF($K$28=U44,$O$28,0)),0) -> 0 | W44: V16
U45: =人物卡!AG16 -> 近战武器 | V45: =IF(附表!$I$12,MAX(IF($K$2=U45,$O$2,0),IF($K$3=U45,$O$3,0),IF($K$4=U45,$O$4,0),IF($K$5=U45,$O$5,0),IF($K$6=U45,$O$6,0),IF($K$7=U45,$O$7,0),IF($K$8=U45,$O$8,0),IF($K$9=U45,$O$9,0),IF($K$10=U45,$O$10,0),IF($K$11=U45,$O$11,0),IF($K$12=U45,$O$12,0),IF($K$13=U45,$O$13,0),IF($K$14=U45,$O$14,0),IF($K$15=U45,$O$15,0),IF($K$16=U45,$O$16,0),IF($K$17=U45,$O$17,0),IF($K$18=U45,$O$18,0),IF($K$19=U45,$O$19,0),IF($K$20=U45,$O$20,0),IF($K$21=U45,$O$21,0),IF($K$22=U45,$O$22,0),IF($K$23=U45,$O$23,0),IF($K$24=U45,$O$24,0),IF($K$25=U45,$O$25,0),IF($K$26=U45,$O$26,0),IF($K$27=U45,$O$27,0),IF($K$28=U45,$O$28,0)),0) -> 0 | W45: AY16
U46: =人物卡!D17 -> 考古学 | V46: =IF(附表!$I$12,MAX(IF($K$2=U46,$O$2,0),IF($K$3=U46,$O$3,0),IF($K$4=U46,$O$4,0),IF($K$5=U46,$O$5,0),IF($K$6=U46,$O$6,0),IF($K$7=U46,$O$7,0),IF($K$8=U46,$O$8,0),IF($K$9=U46,$O$9,0),IF($K$10=U46,$O$10,0),IF($K$11=U46,$O$11,0),IF($K$12=U46,$O$12,0),IF($K$13=U46,$O$13,0),IF($K$14=U46,$O$14,0),IF($K$15=U46,$O$15,0),IF($K$16=U46,$O$16,0),IF($K$17=U46,$O$17,0),IF($K$18=U46,$O$18,0),IF($K$19=U46,$O$19,0),IF($K$20=U46,$O$20,0),IF($K$21=U46,$O$21,0),IF($K$22=U46,$O$22,0),IF($K$23=U46,$O$23,0),IF($K$24=U46,$O$24,0),IF($K$25=U46,$O$25,0),IF($K$26=U46,$O$26,0),IF($K$27=U46,$O$27,0),IF($K$28=U46,$O$28,0)),0) -> 0 | W46: V17
U47: =SUBSTITUTE(人物卡!AG17,"：","")&"（"&TRIM(人物卡!AM17)&"）" -> 军事科学（） | V47: =IF(附表!$I$12,MAX(IF(AND($K$2=U47,$P$2="AM17"),$O$2,0),IF(AND($K$3=U47,$P$3="AM17"),$O$3,0),IF(AND($K$4=U47,$P$4="AM17"),$O$4,0),IF(AND($K$5=U47,$P$5="AM17"),$O$5,0),IF(AND($K$6=U47,$P$6="AM17"),$O$6,0),IF(AND($K$7=U47,$P$7="AM17"),$O$7,0),IF(AND($K$8=U47,$P$8="AM17"),$O$8,0),IF(AND($K$9=U47,$P$9="AM17"),$O$9,0),IF(AND($K$10=U47,$P$10="AM17"),$O$10,0),IF(AND($K$11=U47,$P$11="AM17"),$O$11,0),IF(AND($K$12=U47,$P$12="AM17"),$O$12,0),IF(AND($K$13=U47,$P$13="AM17"),$O$13,0),IF(AND($K$14=U47,$P$14="AM17"),$O$14,0),IF(AND($K$15=U47,$P$15="AM17"),$O$15,0),IF(AND($K$16=U47,$P$16="AM17"),$O$16,0),IF(AND($K$17=U47,$P$17="AM17"),$O$17,0),IF(AND($K$18=U47,$P$18="AM17"),$O$18,0),IF(AND($K$19=U47,$P$19="AM17"),$O$19,0),IF(AND($K$20=U47,$P$20="AM17"),$O$20,0),IF(AND($K$21=U47,$P$21="AM17"),$O$21,0),IF(AND($K$22=U47,$P$22="AM17"),$O$22,0),IF(AND($K$23=U47,$P$23="AM17"),$O$23,0),IF(AND($K$24=U47,$P$24="AM17"),$O$24,0),IF(AND($K$25=U47,$P$25="AM17"),$O$25,0),IF(AND($K$26=U47,$P$26="AM17"),$O$26,0),IF(AND($K$27=U47,$P$27="AM17"),$O$27,0),IF(AND($K$28=U47,$P$28="AM17"),$O$28,0)),0) -> 0 | W47: AY17
U48: =SUBSTITUTE(人物卡!D18,"：","")&"（"&TRIM(人物卡!J18)&"）" -> 艺术（） | V48: =IF(附表!$I$12,MAX(IF(AND($K$2=U48,$P$2="J18"),$O$2,0),IF(AND($K$3=U48,$P$3="J18"),$O$3,0),IF(AND($K$4=U48,$P$4="J18"),$O$4,0),IF(AND($K$5=U48,$P$5="J18"),$O$5,0),IF(AND($K$6=U48,$P$6="J18"),$O$6,0),IF(AND($K$7=U48,$P$7="J18"),$O$7,0),IF(AND($K$8=U48,$P$8="J18"),$O$8,0),IF(AND($K$9=U48,$P$9="J18"),$O$9,0),IF(AND($K$10=U48,$P$10="J18"),$O$10,0),IF(AND($K$11=U48,$P$11="J18"),$O$11,0),IF(AND($K$12=U48,$P$12="J18"),$O$12,0),IF(AND($K$13=U48,$P$13="J18"),$O$13,0),IF(AND($K$14=U48,$P$14="J18"),$O$14,0),IF(AND($K$15=U48,$P$15="J18"),$O$15,0),IF(AND($K$16=U48,$P$16="J18"),$O$16,0),IF(AND($K$17=U48,$P$17="J18"),$O$17,0),IF(AND($K$18=U48,$P$18="J18"),$O$18,0),IF(AND($K$19=U48,$P$19="J18"),$O$19,0),IF(AND($K$20=U48,$P$20="J18"),$O$20,0),IF(AND($K$21=U48,$P$21="J18"),$O$21,0),IF(AND($K$22=U48,$P$22="J18"),$O$22,0),IF(AND($K$23=U48,$P$23="J18"),$O$23,0),IF(AND($K$24=U48,$P$24="J18"),$O$24,0),IF(AND($K$25=U48,$P$25="J18"),$O$25,0),IF(AND($K$26=U48,$P$26="J18"),$O$26,0),IF(AND($K$27=U48,$P$27="J18"),$O$27,0),IF(AND($K$28=U48,$P$28="J18"),$O$28,0)),0) -> 0 | W48: V18
U49: =SUBSTITUTE(人物卡!AG18,"：","")&"（"&TRIM(人物卡!AM18)&"）" -> 军事科学（） | V49: =IF(附表!$I$12,MAX(IF(AND($K$2=U49,$P$2="AM18"),$O$2,0),IF(AND($K$3=U49,$P$3="AM18"),$O$3,0),IF(AND($K$4=U49,$P$4="AM18"),$O$4,0),IF(AND($K$5=U49,$P$5="AM18"),$O$5,0),IF(AND($K$6=U49,$P$6="AM18"),$O$6,0),IF(AND($K$7=U49,$P$7="AM18"),$O$7,0),IF(AND($K$8=U49,$P$8="AM18"),$O$8,0),IF(AND($K$9=U49,$P$9="AM18"),$O$9,0),IF(AND($K$10=U49,$P$10="AM18"),$O$10,0),IF(AND($K$11=U49,$P$11="AM18"),$O$11,0),IF(AND($K$12=U49,$P$12="AM18"),$O$12,0),IF(AND($K$13=U49,$P$13="AM18"),$O$13,0),IF(AND($K$14=U49,$P$14="AM18"),$O$14,0),IF(AND($K$15=U49,$P$15="AM18"),$O$15,0),IF(AND($K$16=U49,$P$16="AM18"),$O$16,0),IF(AND($K$17=U49,$P$17="AM18"),$O$17,0),IF(AND($K$18=U49,$P$18="AM18"),$O$18,0),IF(AND($K$19=U49,$P$19="AM18"),$O$19,0),IF(AND($K$20=U49,$P$20="AM18"),$O$20,0),IF(AND($K$21=U49,$P$21="AM18"),$O$21,0),IF(AND($K$22=U49,$P$22="AM18"),$O$22,0),IF(AND($K$23=U49,$P$23="AM18"),$O$23,0),IF(AND($K$24=U49,$P$24="AM18"),$O$24,0),IF(AND($K$25=U49,$P$25="AM18"),$O$25,0),IF(AND($K$26=U49,$P$26="AM18"),$O$26,0),IF(AND($K$27=U49,$P$27="AM18"),$O$27,0),IF(AND($K$28=U49,$P$28="AM18"),$O$28,0)),0) -> 0 | W49: AY18
U50: =SUBSTITUTE(人物卡!D19,"：","")&"（"&TRIM(人物卡!J19)&"）" -> 艺术（） | V50: =IF(附表!$I$12,MAX(IF(AND($K$2=U50,$P$2="J19"),$O$2,0),IF(AND($K$3=U50,$P$3="J19"),$O$3,0),IF(AND($K$4=U50,$P$4="J19"),$O$4,0),IF(AND($K$5=U50,$P$5="J19"),$O$5,0),IF(AND($K$6=U50,$P$6="J19"),$O$6,0),IF(AND($K$7=U50,$P$7="J19"),$O$7,0),IF(AND($K$8=U50,$P$8="J19"),$O$8,0),IF(AND($K$9=U50,$P$9="J19"),$O$9,0),IF(AND($K$10=U50,$P$10="J19"),$O$10,0),IF(AND($K$11=U50,$P$11="J19"),$O$11,0),IF(AND($K$12=U50,$P$12="J19"),$O$12,0),IF(AND($K$13=U50,$P$13="J19"),$O$13,0),IF(AND($K$14=U50,$P$14="J19"),$O$14,0),IF(AND($K$15=U50,$P$15="J19"),$O$15,0),IF(AND($K$16=U50,$P$16="J19"),$O$16,0),IF(AND($K$17=U50,$P$17="J19"),$O$17,0),IF(AND($K$18=U50,$P$18="J19"),$O$18,0),IF(AND($K$19=U50,$P$19="J19"),$O$19,0),IF(AND($K$20=U50,$P$20="J19"),$O$20,0),IF(AND($K$21=U50,$P$21="J19"),$O$21,0),IF(AND($K$22=U50,$P$22="J19"),$O$22,0),IF(AND($K$23=U50,$P$23="J19"),$O$23,0),IF(AND($K$24=U50,$P$24="J19"),$O$24,0),IF(AND($K$25=U50,$P$25="J19"),$O$25,0),IF(AND($K$26=U50,$P$26="J19"),$O$26,0),IF(AND($K$27=U50,$P$27="J19"),$O$27,0),IF(AND($K$28=U50,$P$28="J19"),$O$28,0)),0) -> 0 | W50: V19
U51: =SUBSTITUTE(人物卡!AG19,"：","")&"（"&TRIM(人物卡!AM19)&"）" -> 军事科学（） | V51: =IF(附表!$I$12,MAX(IF(AND($K$2=U51,$P$2="AM19"),$O$2,0),IF(AND($K$3=U51,$P$3="AM19"),$O$3,0),IF(AND($K$4=U51,$P$4="AM19"),$O$4,0),IF(AND($K$5=U51,$P$5="AM19"),$O$5,0),IF(AND($K$6=U51,$P$6="AM19"),$O$6,0),IF(AND($K$7=U51,$P$7="AM19"),$O$7,0),IF(AND($K$8=U51,$P$8="AM19"),$O$8,0),IF(AND($K$9=U51,$P$9="AM19"),$O$9,0),IF(AND($K$10=U51,$P$10="AM19"),$O$10,0),IF(AND($K$11=U51,$P$11="AM19"),$O$11,0),IF(AND($K$12=U51,$P$12="AM19"),$O$12,0),IF(AND($K$13=U51,$P$13="AM19"),$O$13,0),IF(AND($K$14=U51,$P$14="AM19"),$O$14,0),IF(AND($K$15=U51,$P$15="AM19"),$O$15,0),IF(AND($K$16=U51,$P$16="AM19"),$O$16,0),IF(AND($K$17=U51,$P$17="AM19"),$O$17,0),IF(AND($K$18=U51,$P$18="AM19"),$O$18,0),IF(AND($K$19=U51,$P$19="AM19"),$O$19,0),IF(AND($K$20=U51,$P$20="AM19"),$O$20,0),IF(AND($K$21=U51,$P$21="AM19"),$O$21,0),IF(AND($K$22=U51,$P$22="AM19"),$O$22,0),IF(AND($K$23=U51,$P$23="AM19"),$O$23,0),IF(AND($K$24=U51,$P$24="AM19"),$O$24,0),IF(AND($K$25=U51,$P$25="AM19"),$O$25,0),IF(AND($K$26=U51,$P$26="AM19"),$O$26,0),IF(AND($K$27=U51,$P$27="AM19"),$O$27,0),IF(AND($K$28=U51,$P$28="AM19"),$O$28,0)),0) -> 0 | W51: AY19
U52: =SUBSTITUTE(人物卡!D20,"：","")&"（"&TRIM(人物卡!J20)&"）" -> 艺术（） | V52: =IF(附表!$I$12,MAX(IF(AND($K$2=U52,$P$2="J20"),$O$2,0),IF(AND($K$3=U52,$P$3="J20"),$O$3,0),IF(AND($K$4=U52,$P$4="J20"),$O$4,0),IF(AND($K$5=U52,$P$5="J20"),$O$5,0),IF(AND($K$6=U52,$P$6="J20"),$O$6,0),IF(AND($K$7=U52,$P$7="J20"),$O$7,0),IF(AND($K$8=U52,$P$8="J20"),$O$8,0),IF(AND($K$9=U52,$P$9="J20"),$O$9,0),IF(AND($K$10=U52,$P$10="J20"),$O$10,0),IF(AND($K$11=U52,$P$11="J20"),$O$11,0),IF(AND($K$12=U52,$P$12="J20"),$O$12,0),IF(AND($K$13=U52,$P$13="J20"),$O$13,0),IF(AND($K$14=U52,$P$14="J20"),$O$14,0),IF(AND($K$15=U52,$P$15="J20"),$O$15,0),IF(AND($K$16=U52,$P$16="J20"),$O$16,0),IF(AND($K$17=U52,$P$17="J20"),$O$17,0),IF(AND($K$18=U52,$P$18="J20"),$O$18,0),IF(AND($K$19=U52,$P$19="J20"),$O$19,0),IF(AND($K$20=U52,$P$20="J20"),$O$20,0),IF(AND($K$21=U52,$P$21="J20"),$O$21,0),IF(AND($K$22=U52,$P$22="J20"),$O$22,0),IF(AND($K$23=U52,$P$23="J20"),$O$23,0),IF(AND($K$24=U52,$P$24="J20"),$O$24,0),IF(AND($K$25=U52,$P$25="J20"),$O$25,0),IF(AND($K$26=U52,$P$26="J20"),$O$26,0),IF(AND($K$27=U52,$P$27="J20"),$O$27,0),IF(AND($K$28=U52,$P$28="J20"),$O$28,0)),0) -> 0 | W52: V20
U53: =人物卡!AG20 -> 导航 | V53: =IF(附表!$I$12,MAX(IF($K$2=U53,$O$2,0),IF($K$3=U53,$O$3,0),IF($K$4=U53,$O$4,0),IF($K$5=U53,$O$5,0),IF($K$6=U53,$O$6,0),IF($K$7=U53,$O$7,0),IF($K$8=U53,$O$8,0),IF($K$9=U53,$O$9,0),IF($K$10=U53,$O$10,0),IF($K$11=U53,$O$11,0),IF($K$12=U53,$O$12,0),IF($K$13=U53,$O$13,0),IF($K$14=U53,$O$14,0),IF($K$15=U53,$O$15,0),IF($K$16=U53,$O$16,0),IF($K$17=U53,$O$17,0),IF($K$18=U53,$O$18,0),IF($K$19=U53,$O$19,0),IF($K$20=U53,$O$20,0),IF($K$21=U53,$O$21,0),IF($K$22=U53,$O$22,0),IF($K$23=U53,$O$23,0),IF($K$24=U53,$O$24,0),IF($K$25=U53,$O$25,0),IF($K$26=U53,$O$26,0),IF($K$27=U53,$O$27,0),IF($K$28=U53,$O$28,0)),0) -> 0 | W53: AY20
U54: =人物卡!D21 -> 炮术 | V54: =IF(附表!$I$12,MAX(IF($K$2=U54,$O$2,0),IF($K$3=U54,$O$3,0),IF($K$4=U54,$O$4,0),IF($K$5=U54,$O$5,0),IF($K$6=U54,$O$6,0),IF($K$7=U54,$O$7,0),IF($K$8=U54,$O$8,0),IF($K$9=U54,$O$9,0),IF($K$10=U54,$O$10,0),IF($K$11=U54,$O$11,0),IF($K$12=U54,$O$12,0),IF($K$13=U54,$O$13,0),IF($K$14=U54,$O$14,0),IF($K$15=U54,$O$15,0),IF($K$16=U54,$O$16,0),IF($K$17=U54,$O$17,0),IF($K$18=U54,$O$18,0),IF($K$19=U54,$O$19,0),IF($K$20=U54,$O$20,0),IF($K$21=U54,$O$21,0),IF($K$22=U54,$O$22,0),IF($K$23=U54,$O$23,0),IF($K$24=U54,$O$24,0),IF($K$25=U54,$O$25,0),IF($K$26=U54,$O$26,0),IF($K$27=U54,$O$27,0),IF($K$28=U54,$O$28,0)),0) -> 0 | W54: V21
U55: =人物卡!AG21 -> 神秘学 | V55: =IF(附表!$I$12,MAX(IF($K$2=U55,$O$2,0),IF($K$3=U55,$O$3,0),IF($K$4=U55,$O$4,0),IF($K$5=U55,$O$5,0),IF($K$6=U55,$O$6,0),IF($K$7=U55,$O$7,0),IF($K$8=U55,$O$8,0),IF($K$9=U55,$O$9,0),IF($K$10=U55,$O$10,0),IF($K$11=U55,$O$11,0),IF($K$12=U55,$O$12,0),IF($K$13=U55,$O$13,0),IF($K$14=U55,$O$14,0),IF($K$15=U55,$O$15,0),IF($K$16=U55,$O$16,0),IF($K$17=U55,$O$17,0),IF($K$18=U55,$O$18,0),IF($K$19=U55,$O$19,0),IF($K$20=U55,$O$20,0),IF($K$21=U55,$O$21,0),IF($K$22=U55,$O$22,0),IF($K$23=U55,$O$23,0),IF($K$24=U55,$O$24,0),IF($K$25=U55,$O$25,0),IF($K$26=U55,$O$26,0),IF($K$27=U55,$O$27,0),IF($K$28=U55,$O$28,0)),0) -> 0 | W55: AY21
U56: =人物卡!D22 -> 运动 | V56: =IF(附表!$I$12,MAX(IF($K$2=U56,$O$2,0),IF($K$3=U56,$O$3,0),IF($K$4=U56,$O$4,0),IF($K$5=U56,$O$5,0),IF($K$6=U56,$O$6,0),IF($K$7=U56,$O$7,0),IF($K$8=U56,$O$8,0),IF($K$9=U56,$O$9,0),IF($K$10=U56,$O$10,0),IF($K$11=U56,$O$11,0),IF($K$12=U56,$O$12,0),IF($K$13=U56,$O$13,0),IF($K$14=U56,$O$14,0),IF($K$15=U56,$O$15,0),IF($K$16=U56,$O$16,0),IF($K$17=U56,$O$17,0),IF($K$18=U56,$O$18,0),IF($K$19=U56,$O$19,0),IF($K$20=U56,$O$20,0),IF($K$21=U56,$O$21,0),IF($K$22=U56,$O$22,0),IF($K$23=U56,$O$23,0),IF($K$24=U56,$O$24,0),IF($K$25=U56,$O$25,0),IF($K$26=U56,$O$26,0),IF($K$27=U56,$O$27,0),IF($K$28=U56,$O$28,0)),0) -> 0 | W56: V22
U57: =人物卡!AG22 -> 说服 | V57: =IF(附表!$I$12,MAX(IF($K$2=U57,$O$2,0),IF($K$3=U57,$O$3,0),IF($K$4=U57,$O$4,0),IF($K$5=U57,$O$5,0),IF($K$6=U57,$O$6,0),IF($K$7=U57,$O$7,0),IF($K$8=U57,$O$8,0),IF($K$9=U57,$O$9,0),IF($K$10=U57,$O$10,0),IF($K$11=U57,$O$11,0),IF($K$12=U57,$O$12,0),IF($K$13=U57,$O$13,0),IF($K$14=U57,$O$14,0),IF($K$15=U57,$O$15,0),IF($K$16=U57,$O$16,0),IF($K$17=U57,$O$17,0),IF($K$18=U57,$O$18,0),IF($K$19=U57,$O$19,0),IF($K$20=U57,$O$20,0),IF($K$21=U57,$O$21,0),IF($K$22=U57,$O$22,0),IF($K$23=U57,$O$23,0),IF($K$24=U57,$O$24,0),IF($K$25=U57,$O$25,0),IF($K$26=U57,$O$26,0),IF($K$27=U57,$O$27,0),IF($K$28=U57,$O$28,0)),0) -> 0 | W57: AY22
U58: =人物卡!D23 -> 行政 | V58: =IF(附表!$I$12,MAX(IF($K$2=U58,$O$2,0),IF($K$3=U58,$O$3,0),IF($K$4=U58,$O$4,0),IF($K$5=U58,$O$5,0),IF($K$6=U58,$O$6,0),IF($K$7=U58,$O$7,0),IF($K$8=U58,$O$8,0),IF($K$9=U58,$O$9,0),IF($K$10=U58,$O$10,0),IF($K$11=U58,$O$11,0),IF($K$12=U58,$O$12,0),IF($K$13=U58,$O$13,0),IF($K$14=U58,$O$14,0),IF($K$15=U58,$O$15,0),IF($K$16=U58,$O$16,0),IF($K$17=U58,$O$17,0),IF($K$18=U58,$O$18,0),IF($K$19=U58,$O$19,0),IF($K$20=U58,$O$20,0),IF($K$21=U58,$O$21,0),IF($K$22=U58,$O$22,0),IF($K$23=U58,$O$23,0),IF($K$24=U58,$O$24,0),IF($K$25=U58,$O$25,0),IF($K$26=U58,$O$26,0),IF($K$27=U58,$O$27,0),IF($K$28=U58,$O$28,0)),0) -> 0 | W58: V23
U59: =人物卡!AG23 -> 药学 | V59: =IF(附表!$I$12,MAX(IF($K$2=U59,$O$2,0),IF($K$3=U59,$O$3,0),IF($K$4=U59,$O$4,0),IF($K$5=U59,$O$5,0),IF($K$6=U59,$O$6,0),IF($K$7=U59,$O$7,0),IF($K$8=U59,$O$8,0),IF($K$9=U59,$O$9,0),IF($K$10=U59,$O$10,0),IF($K$11=U59,$O$11,0),IF($K$12=U59,$O$12,0),IF($K$13=U59,$O$13,0),IF($K$14=U59,$O$14,0),IF($K$15=U59,$O$15,0),IF($K$16=U59,$O$16,0),IF($K$17=U59,$O$17,0),IF($K$18=U59,$O$18,0),IF($K$19=U59,$O$19,0),IF($K$20=U59,$O$20,0),IF($K$21=U59,$O$21,0),IF($K$22=U59,$O$22,0),IF($K$23=U59,$O$23,0),IF($K$24=U59,$O$24,0),IF($K$25=U59,$O$25,0),IF($K$26=U59,$O$26,0),IF($K$27=U59,$O$27,0),IF($K$28=U59,$O$28,0)),0) -> 0 | W59: AY23
U60: =人物卡!D24 -> 计算机科学 | V60: =IF(附表!$I$12,MAX(IF($K$2=U60,$O$2,0),IF($K$3=U60,$O$3,0),IF($K$4=U60,$O$4,0),IF($K$5=U60,$O$5,0),IF($K$6=U60,$O$6,0),IF($K$7=U60,$O$7,0),IF($K$8=U60,$O$8,0),IF($K$9=U60,$O$9,0),IF($K$10=U60,$O$10,0),IF($K$11=U60,$O$11,0),IF($K$12=U60,$O$12,0),IF($K$13=U60,$O$13,0),IF($K$14=U60,$O$14,0),IF($K$15=U60,$O$15,0),IF($K$16=U60,$O$16,0),IF($K$17=U60,$O$17,0),IF($K$18=U60,$O$18,0),IF($K$19=U60,$O$19,0),IF($K$20=U60,$O$20,0),IF($K$21=U60,$O$21,0),IF($K$22=U60,$O$22,0),IF($K$23=U60,$O$23,0),IF($K$24=U60,$O$24,0),IF($K$25=U60,$O$25,0),IF($K$26=U60,$O$26,0),IF($K$27=U60,$O$27,0),IF($K$28=U60,$O$28,0)),0) -> 0 | W60: V24
U61: =SUBSTITUTE(人物卡!AG24,"：","")&"（"&TRIM(人物卡!AM24)&"）" -> 特种载具（） | V61: =IF(附表!$I$12,MAX(IF(AND($K$2=U61,$P$2="AM24"),$O$2,0),IF(AND($K$3=U61,$P$3="AM24"),$O$3,0),IF(AND($K$4=U61,$P$4="AM24"),$O$4,0),IF(AND($K$5=U61,$P$5="AM24"),$O$5,0),IF(AND($K$6=U61,$P$6="AM24"),$O$6,0),IF(AND($K$7=U61,$P$7="AM24"),$O$7,0),IF(AND($K$8=U61,$P$8="AM24"),$O$8,0),IF(AND($K$9=U61,$P$9="AM24"),$O$9,0),IF(AND($K$10=U61,$P$10="AM24"),$O$10,0),IF(AND($K$11=U61,$P$11="AM24"),$O$11,0),IF(AND($K$12=U61,$P$12="AM24"),$O$12,0),IF(AND($K$13=U61,$P$13="AM24"),$O$13,0),IF(AND($K$14=U61,$P$14="AM24"),$O$14,0),IF(AND($K$15=U61,$P$15="AM24"),$O$15,0),IF(AND($K$16=U61,$P$16="AM24"),$O$16,0),IF(AND($K$17=U61,$P$17="AM24"),$O$17,0),IF(AND($K$18=U61,$P$18="AM24"),$O$18,0),IF(AND($K$19=U61,$P$19="AM24"),$O$19,0),IF(AND($K$20=U61,$P$20="AM24"),$O$20,0),IF(AND($K$21=U61,$P$21="AM24"),$O$21,0),IF(AND($K$22=U61,$P$22="AM24"),$O$22,0),IF(AND($K$23=U61,$P$23="AM24"),$O$23,0),IF(AND($K$24=U61,$P$24="AM24"),$O$24,0),IF(AND($K$25=U61,$P$25="AM24"),$O$25,0),IF(AND($K$26=U61,$P$26="AM24"),$O$26,0),IF(AND($K$27=U61,$P$27="AM24"),$O$27,0),IF(AND($K$28=U61,$P$28="AM24"),$O$28,0)),0) -> 0 | W61: AY24
U62: =SUBSTITUTE(人物卡!D25,"：","")&"（"&TRIM(人物卡!J25)&"）" -> 工艺（） | V62: =IF(附表!$I$12,MAX(IF(AND($K$2=U62,$P$2="J25"),$O$2,0),IF(AND($K$3=U62,$P$3="J25"),$O$3,0),IF(AND($K$4=U62,$P$4="J25"),$O$4,0),IF(AND($K$5=U62,$P$5="J25"),$O$5,0),IF(AND($K$6=U62,$P$6="J25"),$O$6,0),IF(AND($K$7=U62,$P$7="J25"),$O$7,0),IF(AND($K$8=U62,$P$8="J25"),$O$8,0),IF(AND($K$9=U62,$P$9="J25"),$O$9,0),IF(AND($K$10=U62,$P$10="J25"),$O$10,0),IF(AND($K$11=U62,$P$11="J25"),$O$11,0),IF(AND($K$12=U62,$P$12="J25"),$O$12,0),IF(AND($K$13=U62,$P$13="J25"),$O$13,0),IF(AND($K$14=U62,$P$14="J25"),$O$14,0),IF(AND($K$15=U62,$P$15="J25"),$O$15,0),IF(AND($K$16=U62,$P$16="J25"),$O$16,0),IF(AND($K$17=U62,$P$17="J25"),$O$17,0),IF(AND($K$18=U62,$P$18="J25"),$O$18,0),IF(AND($K$19=U62,$P$19="J25"),$O$19,0),IF(AND($K$20=U62,$P$20="J25"),$O$20,0),IF(AND($K$21=U62,$P$21="J25"),$O$21,0),IF(AND($K$22=U62,$P$22="J25"),$O$22,0),IF(AND($K$23=U62,$P$23="J25"),$O$23,0),IF(AND($K$24=U62,$P$24="J25"),$O$24,0),IF(AND($K$25=U62,$P$25="J25"),$O$25,0),IF(AND($K$26=U62,$P$26="J25"),$O$26,0),IF(AND($K$27=U62,$P$27="J25"),$O$27,0),IF(AND($K$28=U62,$P$28="J25"),$O$28,0)),0) -> 0 | W62: V25
U63: =SUBSTITUTE(人物卡!AG25,"：","")&"（"&TRIM(人物卡!AM25)&"）" -> 特种载具（） | V63: =IF(附表!$I$12,MAX(IF(AND($K$2=U63,$P$2="AM25"),$O$2,0),IF(AND($K$3=U63,$P$3="AM25"),$O$3,0),IF(AND($K$4=U63,$P$4="AM25"),$O$4,0),IF(AND($K$5=U63,$P$5="AM25"),$O$5,0),IF(AND($K$6=U63,$P$6="AM25"),$O$6,0),IF(AND($K$7=U63,$P$7="AM25"),$O$7,0),IF(AND($K$8=U63,$P$8="AM25"),$O$8,0),IF(AND($K$9=U63,$P$9="AM25"),$O$9,0),IF(AND($K$10=U63,$P$10="AM25"),$O$10,0),IF(AND($K$11=U63,$P$11="AM25"),$O$11,0),IF(AND($K$12=U63,$P$12="AM25"),$O$12,0),IF(AND($K$13=U63,$P$13="AM25"),$O$13,0),IF(AND($K$14=U63,$P$14="AM25"),$O$14,0),IF(AND($K$15=U63,$P$15="AM25"),$O$15,0),IF(AND($K$16=U63,$P$16="AM25"),$O$16,0),IF(AND($K$17=U63,$P$17="AM25"),$O$17,0),IF(AND($K$18=U63,$P$18="AM25"),$O$18,0),IF(AND($K$19=U63,$P$19="AM25"),$O$19,0),IF(AND($K$20=U63,$P$20="AM25"),$O$20,0),IF(AND($K$21=U63,$P$21="AM25"),$O$21,0),IF(AND($K$22=U63,$P$22="AM25"),$O$22,0),IF(AND($K$23=U63,$P$23="AM25"),$O$23,0),IF(AND($K$24=U63,$P$24="AM25"),$O$24,0),IF(AND($K$25=U63,$P$25="AM25"),$O$25,0),IF(AND($K$26=U63,$P$26="AM25"),$O$26,0),IF(AND($K$27=U63,$P$27="AM25"),$O$27,0),IF(AND($K$28=U63,$P$28="AM25"),$O$28,0)),0) -> 0 | W63: AY25
U64: =SUBSTITUTE(人物卡!D26,"：","")&"（"&TRIM(人物卡!J26)&"）" -> 工艺（） | V64: =IF(附表!$I$12,MAX(IF(AND($K$2=U64,$P$2="J26"),$O$2,0),IF(AND($K$3=U64,$P$3="J26"),$O$3,0),IF(AND($K$4=U64,$P$4="J26"),$O$4,0),IF(AND($K$5=U64,$P$5="J26"),$O$5,0),IF(AND($K$6=U64,$P$6="J26"),$O$6,0),IF(AND($K$7=U64,$P$7="J26"),$O$7,0),IF(AND($K$8=U64,$P$8="J26"),$O$8,0),IF(AND($K$9=U64,$P$9="J26"),$O$9,0),IF(AND($K$10=U64,$P$10="J26"),$O$10,0),IF(AND($K$11=U64,$P$11="J26"),$O$11,0),IF(AND($K$12=U64,$P$12="J26"),$O$12,0),IF(AND($K$13=U64,$P$13="J26"),$O$13,0),IF(AND($K$14=U64,$P$14="J26"),$O$14,0),IF(AND($K$15=U64,$P$15="J26"),$O$15,0),IF(AND($K$16=U64,$P$16="J26"),$O$16,0),IF(AND($K$17=U64,$P$17="J26"),$O$17,0),IF(AND($K$18=U64,$P$18="J26"),$O$18,0),IF(AND($K$19=U64,$P$19="J26"),$O$19,0),IF(AND($K$20=U64,$P$20="J26"),$O$20,0),IF(AND($K$21=U64,$P$21="J26"),$O$21,0),IF(AND($K$22=U64,$P$22="J26"),$O$22,0),IF(AND($K$23=U64,$P$23="J26"),$O$23,0),IF(AND($K$24=U64,$P$24="J26"),$O$24,0),IF(AND($K$25=U64,$P$25="J26"),$O$25,0),IF(AND($K$26=U64,$P$26="J26"),$O$26,0),IF(AND($K$27=U64,$P$27="J26"),$O$27,0),IF(AND($K$28=U64,$P$28="J26"),$O$28,0)),0) -> 0 | W64: V26
U65: =SUBSTITUTE(人物卡!AG26,"：","")&"（"&TRIM(人物卡!AM26)&"）" -> 特种载具（） | V65: =IF(附表!$I$12,MAX(IF(AND($K$2=U65,$P$2="AM26"),$O$2,0),IF(AND($K$3=U65,$P$3="AM26"),$O$3,0),IF(AND($K$4=U65,$P$4="AM26"),$O$4,0),IF(AND($K$5=U65,$P$5="AM26"),$O$5,0),IF(AND($K$6=U65,$P$6="AM26"),$O$6,0),IF(AND($K$7=U65,$P$7="AM26"),$O$7,0),IF(AND($K$8=U65,$P$8="AM26"),$O$8,0),IF(AND($K$9=U65,$P$9="AM26"),$O$9,0),IF(AND($K$10=U65,$P$10="AM26"),$O$10,0),IF(AND($K$11=U65,$P$11="AM26"),$O$11,0),IF(AND($K$12=U65,$P$12="AM26"),$O$12,0),IF(AND($K$13=U65,$P$13="AM26"),$O$13,0),IF(AND($K$14=U65,$P$14="AM26"),$O$14,0),IF(AND($K$15=U65,$P$15="AM26"),$O$15,0),IF(AND($K$16=U65,$P$16="AM26"),$O$16,0),IF(AND($K$17=U65,$P$17="AM26"),$O$17,0),IF(AND($K$18=U65,$P$18="AM26"),$O$18,0),IF(AND($K$19=U65,$P$19="AM26"),$O$19,0),IF(AND($K$20=U65,$P$20="AM26"),$O$20,0),IF(AND($K$21=U65,$P$21="AM26"),$O$21,0),IF(AND($K$22=U65,$P$22="AM26"),$O$22,0),IF(AND($K$23=U65,$P$23="AM26"),$O$23,0),IF(AND($K$24=U65,$P$24="AM26"),$O$24,0),IF(AND($K$25=U65,$P$25="AM26"),$O$25,0),IF(AND($K$26=U65,$P$26="AM26"),$O$26,0),IF(AND($K$27=U65,$P$27="AM26"),$O$27,0),IF(AND($K$28=U65,$P$28="AM26"),$O$28,0)),0) -> 0 | W65: AY26
U66: =SUBSTITUTE(人物卡!D27,"：","")&"（"&TRIM(人物卡!J27)&"）" -> 工艺（） | V66: =IF(附表!$I$12,MAX(IF(AND($K$2=U66,$P$2="J27"),$O$2,0),IF(AND($K$3=U66,$P$3="J27"),$O$3,0),IF(AND($K$4=U66,$P$4="J27"),$O$4,0),IF(AND($K$5=U66,$P$5="J27"),$O$5,0),IF(AND($K$6=U66,$P$6="J27"),$O$6,0),IF(AND($K$7=U66,$P$7="J27"),$O$7,0),IF(AND($K$8=U66,$P$8="J27"),$O$8,0),IF(AND($K$9=U66,$P$9="J27"),$O$9,0),IF(AND($K$10=U66,$P$10="J27"),$O$10,0),IF(AND($K$11=U66,$P$11="J27"),$O$11,0),IF(AND($K$12=U66,$P$12="J27"),$O$12,0),IF(AND($K$13=U66,$P$13="J27"),$O$13,0),IF(AND($K$14=U66,$P$14="J27"),$O$14,0),IF(AND($K$15=U66,$P$15="J27"),$O$15,0),IF(AND($K$16=U66,$P$16="J27"),$O$16,0),IF(AND($K$17=U66,$P$17="J27"),$O$17,0),IF(AND($K$18=U66,$P$18="J27"),$O$18,0),IF(AND($K$19=U66,$P$19="J27"),$O$19,0),IF(AND($K$20=U66,$P$20="J27"),$O$20,0),IF(AND($K$21=U66,$P$21="J27"),$O$21,0),IF(AND($K$22=U66,$P$22="J27"),$O$22,0),IF(AND($K$23=U66,$P$23="J27"),$O$23,0),IF(AND($K$24=U66,$P$24="J27"),$O$24,0),IF(AND($K$25=U66,$P$25="J27"),$O$25,0),IF(AND($K$26=U66,$P$26="J27"),$O$26,0),IF(AND($K$27=U66,$P$27="J27"),$O$27,0),IF(AND($K$28=U66,$P$28="J27"),$O$28,0)),0) -> 0 | W66: V27
U67: =人物卡!AG27 -> 精神治疗 | V67: =IF(附表!$I$12,MAX(IF($K$2=U67,$O$2,0),IF($K$3=U67,$O$3,0),IF($K$4=U67,$O$4,0),IF($K$5=U67,$O$5,0),IF($K$6=U67,$O$6,0),IF($K$7=U67,$O$7,0),IF($K$8=U67,$O$8,0),IF($K$9=U67,$O$9,0),IF($K$10=U67,$O$10,0),IF($K$11=U67,$O$11,0),IF($K$12=U67,$O$12,0),IF($K$13=U67,$O$13,0),IF($K$14=U67,$O$14,0),IF($K$15=U67,$O$15,0),IF($K$16=U67,$O$16,0),IF($K$17=U67,$O$17,0),IF($K$18=U67,$O$18,0),IF($K$19=U67,$O$19,0),IF($K$20=U67,$O$20,0),IF($K$21=U67,$O$21,0),IF($K$22=U67,$O$22,0),IF($K$23=U67,$O$23,0),IF($K$24=U67,$O$24,0),IF($K$25=U67,$O$25,0),IF($K$26=U67,$O$26,0),IF($K$27=U67,$O$27,0),IF($K$28=U67,$O$28,0)),0) -> 0 | W67: AY27
U68: =SUBSTITUTE(人物卡!D28,"：","")&"（"&TRIM(人物卡!J28)&"）" -> 工艺（） | V68: =IF(附表!$I$12,MAX(IF(AND($K$2=U68,$P$2="J28"),$O$2,0),IF(AND($K$3=U68,$P$3="J28"),$O$3,0),IF(AND($K$4=U68,$P$4="J28"),$O$4,0),IF(AND($K$5=U68,$P$5="J28"),$O$5,0),IF(AND($K$6=U68,$P$6="J28"),$O$6,0),IF(AND($K$7=U68,$P$7="J28"),$O$7,0),IF(AND($K$8=U68,$P$8="J28"),$O$8,0),IF(AND($K$9=U68,$P$9="J28"),$O$9,0),IF(AND($K$10=U68,$P$10="J28"),$O$10,0),IF(AND($K$11=U68,$P$11="J28"),$O$11,0),IF(AND($K$12=U68,$P$12="J28"),$O$12,0),IF(AND($K$13=U68,$P$13="J28"),$O$13,0),IF(AND($K$14=U68,$P$14="J28"),$O$14,0),IF(AND($K$15=U68,$P$15="J28"),$O$15,0),IF(AND($K$16=U68,$P$16="J28"),$O$16,0),IF(AND($K$17=U68,$P$17="J28"),$O$17,0),IF(AND($K$18=U68,$P$18="J28"),$O$18,0),IF(AND($K$19=U68,$P$19="J28"),$O$19,0),IF(AND($K$20=U68,$P$20="J28"),$O$20,0),IF(AND($K$21=U68,$P$21="J28"),$O$21,0),IF(AND($K$22=U68,$P$22="J28"),$O$22,0),IF(AND($K$23=U68,$P$23="J28"),$O$23,0),IF(AND($K$24=U68,$P$24="J28"),$O$24,0),IF(AND($K$25=U68,$P$25="J28"),$O$25,0),IF(AND($K$26=U68,$P$26="J28"),$O$26,0),IF(AND($K$27=U68,$P$27="J28"),$O$27,0),IF(AND($K$28=U68,$P$28="J28"),$O$28,0)),0) -> 0 | W68: V28
U69: =人物卡!AG28 -> 骑术 | V69: =IF(附表!$I$12,MAX(IF($K$2=U69,$O$2,0),IF($K$3=U69,$O$3,0),IF($K$4=U69,$O$4,0),IF($K$5=U69,$O$5,0),IF($K$6=U69,$O$6,0),IF($K$7=U69,$O$7,0),IF($K$8=U69,$O$8,0),IF($K$9=U69,$O$9,0),IF($K$10=U69,$O$10,0),IF($K$11=U69,$O$11,0),IF($K$12=U69,$O$12,0),IF($K$13=U69,$O$13,0),IF($K$14=U69,$O$14,0),IF($K$15=U69,$O$15,0),IF($K$16=U69,$O$16,0),IF($K$17=U69,$O$17,0),IF($K$18=U69,$O$18,0),IF($K$19=U69,$O$19,0),IF($K$20=U69,$O$20,0),IF($K$21=U69,$O$21,0),IF($K$22=U69,$O$22,0),IF($K$23=U69,$O$23,0),IF($K$24=U69,$O$24,0),IF($K$25=U69,$O$25,0),IF($K$26=U69,$O$26,0),IF($K$27=U69,$O$27,0),IF($K$28=U69,$O$28,0)),0) -> 0 | W69: AY28
U70: =人物卡!D29 -> 犯罪学 | V70: =IF(附表!$I$12,MAX(IF($K$2=U70,$O$2,0),IF($K$3=U70,$O$3,0),IF($K$4=U70,$O$4,0),IF($K$5=U70,$O$5,0),IF($K$6=U70,$O$6,0),IF($K$7=U70,$O$7,0),IF($K$8=U70,$O$8,0),IF($K$9=U70,$O$9,0),IF($K$10=U70,$O$10,0),IF($K$11=U70,$O$11,0),IF($K$12=U70,$O$12,0),IF($K$13=U70,$O$13,0),IF($K$14=U70,$O$14,0),IF($K$15=U70,$O$15,0),IF($K$16=U70,$O$16,0),IF($K$17=U70,$O$17,0),IF($K$18=U70,$O$18,0),IF($K$19=U70,$O$19,0),IF($K$20=U70,$O$20,0),IF($K$21=U70,$O$21,0),IF($K$22=U70,$O$22,0),IF($K$23=U70,$O$23,0),IF($K$24=U70,$O$24,0),IF($K$25=U70,$O$25,0),IF($K$26=U70,$O$26,0),IF($K$27=U70,$O$27,0),IF($K$28=U70,$O$28,0)),0) -> 0 | W70: V29
U71: =SUBSTITUTE(人物卡!AG29,"：","")&"（"&TRIM(人物卡!AM29)&"）" -> 科学（） | V71: =IF(附表!$I$12,MAX(IF(AND($K$2=U71,$P$2="AM29"),$O$2,0),IF(AND($K$3=U71,$P$3="AM29"),$O$3,0),IF(AND($K$4=U71,$P$4="AM29"),$O$4,0),IF(AND($K$5=U71,$P$5="AM29"),$O$5,0),IF(AND($K$6=U71,$P$6="AM29"),$O$6,0),IF(AND($K$7=U71,$P$7="AM29"),$O$7,0),IF(AND($K$8=U71,$P$8="AM29"),$O$8,0),IF(AND($K$9=U71,$P$9="AM29"),$O$9,0),IF(AND($K$10=U71,$P$10="AM29"),$O$10,0),IF(AND($K$11=U71,$P$11="AM29"),$O$11,0),IF(AND($K$12=U71,$P$12="AM29"),$O$12,0),IF(AND($K$13=U71,$P$13="AM29"),$O$13,0),IF(AND($K$14=U71,$P$14="AM29"),$O$14,0),IF(AND($K$15=U71,$P$15="AM29"),$O$15,0),IF(AND($K$16=U71,$P$16="AM29"),$O$16,0),IF(AND($K$17=U71,$P$17="AM29"),$O$17,0),IF(AND($K$18=U71,$P$18="AM29"),$O$18,0),IF(AND($K$19=U71,$P$19="AM29"),$O$19,0),IF(AND($K$20=U71,$P$20="AM29"),$O$20,0),IF(AND($K$21=U71,$P$21="AM29"),$O$21,0),IF(AND($K$22=U71,$P$22="AM29"),$O$22,0),IF(AND($K$23=U71,$P$23="AM29"),$O$23,0),IF(AND($K$24=U71,$P$24="AM29"),$O$24,0),IF(AND($K$25=U71,$P$25="AM29"),$O$25,0),IF(AND($K$26=U71,$P$26="AM29"),$O$26,0),IF(AND($K$27=U71,$P$27="AM29"),$O$27,0),IF(AND($K$28=U71,$P$28="AM29"),$O$28,0)),0) -> 0 | W71: AY29
U72: =人物卡!D30 -> 爆破 | V72: =IF(附表!$I$12,MAX(IF($K$2=U72,$O$2,0),IF($K$3=U72,$O$3,0),IF($K$4=U72,$O$4,0),IF($K$5=U72,$O$5,0),IF($K$6=U72,$O$6,0),IF($K$7=U72,$O$7,0),IF($K$8=U72,$O$8,0),IF($K$9=U72,$O$9,0),IF($K$10=U72,$O$10,0),IF($K$11=U72,$O$11,0),IF($K$12=U72,$O$12,0),IF($K$13=U72,$O$13,0),IF($K$14=U72,$O$14,0),IF($K$15=U72,$O$15,0),IF($K$16=U72,$O$16,0),IF($K$17=U72,$O$17,0),IF($K$18=U72,$O$18,0),IF($K$19=U72,$O$19,0),IF($K$20=U72,$O$20,0),IF($K$21=U72,$O$21,0),IF($K$22=U72,$O$22,0),IF($K$23=U72,$O$23,0),IF($K$24=U72,$O$24,0),IF($K$25=U72,$O$25,0),IF($K$26=U72,$O$26,0),IF($K$27=U72,$O$27,0),IF($K$28=U72,$O$28,0)),0) -> 0 | W72: V30
U73: =SUBSTITUTE(人物卡!AG30,"：","")&"（"&TRIM(人物卡!AM30)&"）" -> 科学（） | V73: =IF(附表!$I$12,MAX(IF(AND($K$2=U73,$P$2="AM30"),$O$2,0),IF(AND($K$3=U73,$P$3="AM30"),$O$3,0),IF(AND($K$4=U73,$P$4="AM30"),$O$4,0),IF(AND($K$5=U73,$P$5="AM30"),$O$5,0),IF(AND($K$6=U73,$P$6="AM30"),$O$6,0),IF(AND($K$7=U73,$P$7="AM30"),$O$7,0),IF(AND($K$8=U73,$P$8="AM30"),$O$8,0),IF(AND($K$9=U73,$P$9="AM30"),$O$9,0),IF(AND($K$10=U73,$P$10="AM30"),$O$10,0),IF(AND($K$11=U73,$P$11="AM30"),$O$11,0),IF(AND($K$12=U73,$P$12="AM30"),$O$12,0),IF(AND($K$13=U73,$P$13="AM30"),$O$13,0),IF(AND($K$14=U73,$P$14="AM30"),$O$14,0),IF(AND($K$15=U73,$P$15="AM30"),$O$15,0),IF(AND($K$16=U73,$P$16="AM30"),$O$16,0),IF(AND($K$17=U73,$P$17="AM30"),$O$17,0),IF(AND($K$18=U73,$P$18="AM30"),$O$18,0),IF(AND($K$19=U73,$P$19="AM30"),$O$19,0),IF(AND($K$20=U73,$P$20="AM30"),$O$20,0),IF(AND($K$21=U73,$P$21="AM30"),$O$21,0),IF(AND($K$22=U73,$P$22="AM30"),$O$22,0),IF(AND($K$23=U73,$P$23="AM30"),$O$23,0),IF(AND($K$24=U73,$P$24="AM30"),$O$24,0),IF(AND($K$25=U73,$P$25="AM30"),$O$25,0),IF(AND($K$26=U73,$P$26="AM30"),$O$26,0),IF(AND($K$27=U73,$P$27="AM30"),$O$27,0),IF(AND($K$28=U73,$P$28="AM30"),$O$28,0)),0) -> 0 | W73: AY30
U74: =人物卡!D31 -> 乔装 | V74: =IF(附表!$I$12,MAX(IF($K$2=U74,$O$2,0),IF($K$3=U74,$O$3,0),IF($K$4=U74,$O$4,0),IF($K$5=U74,$O$5,0),IF($K$6=U74,$O$6,0),IF($K$7=U74,$O$7,0),IF($K$8=U74,$O$8,0),IF($K$9=U74,$O$9,0),IF($K$10=U74,$O$10,0),IF($K$11=U74,$O$11,0),IF($K$12=U74,$O$12,0),IF($K$13=U74,$O$13,0),IF($K$14=U74,$O$14,0),IF($K$15=U74,$O$15,0),IF($K$16=U74,$O$16,0),IF($K$17=U74,$O$17,0),IF($K$18=U74,$O$18,0),IF($K$19=U74,$O$19,0),IF($K$20=U74,$O$20,0),IF($K$21=U74,$O$21,0),IF($K$22=U74,$O$22,0),IF($K$23=U74,$O$23,0),IF($K$24=U74,$O$24,0),IF($K$25=U74,$O$25,0),IF($K$26=U74,$O$26,0),IF($K$27=U74,$O$27,0),IF($K$28=U74,$O$28,0)),0) -> 0 | W74: V31
U75: =SUBSTITUTE(人物卡!AG31,"：","")&"（"&TRIM(人物卡!AM31)&"）" -> 科学（） | V75: =IF(附表!$I$12,MAX(IF(AND($K$2=U75,$P$2="AM31"),$O$2,0),IF(AND($K$3=U75,$P$3="AM31"),$O$3,0),IF(AND($K$4=U75,$P$4="AM31"),$O$4,0),IF(AND($K$5=U75,$P$5="AM31"),$O$5,0),IF(AND($K$6=U75,$P$6="AM31"),$O$6,0),IF(AND($K$7=U75,$P$7="AM31"),$O$7,0),IF(AND($K$8=U75,$P$8="AM31"),$O$8,0),IF(AND($K$9=U75,$P$9="AM31"),$O$9,0),IF(AND($K$10=U75,$P$10="AM31"),$O$10,0),IF(AND($K$11=U75,$P$11="AM31"),$O$11,0),IF(AND($K$12=U75,$P$12="AM31"),$O$12,0),IF(AND($K$13=U75,$P$13="AM31"),$O$13,0),IF(AND($K$14=U75,$P$14="AM31"),$O$14,0),IF(AND($K$15=U75,$P$15="AM31"),$O$15,0),IF(AND($K$16=U75,$P$16="AM31"),$O$16,0),IF(AND($K$17=U75,$P$17="AM31"),$O$17,0),IF(AND($K$18=U75,$P$18="AM31"),$O$18,0),IF(AND($K$19=U75,$P$19="AM31"),$O$19,0),IF(AND($K$20=U75,$P$20="AM31"),$O$20,0),IF(AND($K$21=U75,$P$21="AM31"),$O$21,0),IF(AND($K$22=U75,$P$22="AM31"),$O$22,0),IF(AND($K$23=U75,$P$23="AM31"),$O$23,0),IF(AND($K$24=U75,$P$24="AM31"),$O$24,0),IF(AND($K$25=U75,$P$25="AM31"),$O$25,0),IF(AND($K$26=U75,$P$26="AM31"),$O$26,0),IF(AND($K$27=U75,$P$27="AM31"),$O$27,0),IF(AND($K$28=U75,$P$28="AM31"),$O$28,0)),0) -> 0 | W75: AY31
U76: =人物卡!D32 -> 闪避 | V76: =IF(附表!$I$12,MAX(IF($K$2=U76,$O$2,0),IF($K$3=U76,$O$3,0),IF($K$4=U76,$O$4,0),IF($K$5=U76,$O$5,0),IF($K$6=U76,$O$6,0),IF($K$7=U76,$O$7,0),IF($K$8=U76,$O$8,0),IF($K$9=U76,$O$9,0),IF($K$10=U76,$O$10,0),IF($K$11=U76,$O$11,0),IF($K$12=U76,$O$12,0),IF($K$13=U76,$O$13,0),IF($K$14=U76,$O$14,0),IF($K$15=U76,$O$15,0),IF($K$16=U76,$O$16,0),IF($K$17=U76,$O$17,0),IF($K$18=U76,$O$18,0),IF($K$19=U76,$O$19,0),IF($K$20=U76,$O$20,0),IF($K$21=U76,$O$21,0),IF($K$22=U76,$O$22,0),IF($K$23=U76,$O$23,0),IF($K$24=U76,$O$24,0),IF($K$25=U76,$O$25,0),IF($K$26=U76,$O$26,0),IF($K$27=U76,$O$27,0),IF($K$28=U76,$O$28,0)),0) -> 0 | W76: V32
U77: =人物卡!AG32 -> 搜寻 | V77: =IF(附表!$I$12,MAX(IF($K$2=U77,$O$2,0),IF($K$3=U77,$O$3,0),IF($K$4=U77,$O$4,0),IF($K$5=U77,$O$5,0),IF($K$6=U77,$O$6,0),IF($K$7=U77,$O$7,0),IF($K$8=U77,$O$8,0),IF($K$9=U77,$O$9,0),IF($K$10=U77,$O$10,0),IF($K$11=U77,$O$11,0),IF($K$12=U77,$O$12,0),IF($K$13=U77,$O$13,0),IF($K$14=U77,$O$14,0),IF($K$15=U77,$O$15,0),IF($K$16=U77,$O$16,0),IF($K$17=U77,$O$17,0),IF($K$18=U77,$O$18,0),IF($K$19=U77,$O$19,0),IF($K$20=U77,$O$20,0),IF($K$21=U77,$O$21,0),IF($K$22=U77,$O$22,0),IF($K$23=U77,$O$23,0),IF($K$24=U77,$O$24,0),IF($K$25=U77,$O$25,0),IF($K$26=U77,$O$26,0),IF($K$27=U77,$O$27,0),IF($K$28=U77,$O$28,0)),0) -> 0 | W77: AY32
U78: =人物卡!D33 -> 机动车驾驶 | V78: =IF(附表!$I$12,MAX(IF($K$2=U78,$O$2,0),IF($K$3=U78,$O$3,0),IF($K$4=U78,$O$4,0),IF($K$5=U78,$O$5,0),IF($K$6=U78,$O$6,0),IF($K$7=U78,$O$7,0),IF($K$8=U78,$O$8,0),IF($K$9=U78,$O$9,0),IF($K$10=U78,$O$10,0),IF($K$11=U78,$O$11,0),IF($K$12=U78,$O$12,0),IF($K$13=U78,$O$13,0),IF($K$14=U78,$O$14,0),IF($K$15=U78,$O$15,0),IF($K$16=U78,$O$16,0),IF($K$17=U78,$O$17,0),IF($K$18=U78,$O$18,0),IF($K$19=U78,$O$19,0),IF($K$20=U78,$O$20,0),IF($K$21=U78,$O$21,0),IF($K$22=U78,$O$22,0),IF($K$23=U78,$O$23,0),IF($K$24=U78,$O$24,0),IF($K$25=U78,$O$25,0),IF($K$26=U78,$O$26,0),IF($K$27=U78,$O$27,0),IF($K$28=U78,$O$28,0)),0) -> 0 | W78: V33
U79: =人物卡!AG33 -> 信号情报 | V79: =IF(附表!$I$12,MAX(IF($K$2=U79,$O$2,0),IF($K$3=U79,$O$3,0),IF($K$4=U79,$O$4,0),IF($K$5=U79,$O$5,0),IF($K$6=U79,$O$6,0),IF($K$7=U79,$O$7,0),IF($K$8=U79,$O$8,0),IF($K$9=U79,$O$9,0),IF($K$10=U79,$O$10,0),IF($K$11=U79,$O$11,0),IF($K$12=U79,$O$12,0),IF($K$13=U79,$O$13,0),IF($K$14=U79,$O$14,0),IF($K$15=U79,$O$15,0),IF($K$16=U79,$O$16,0),IF($K$17=U79,$O$17,0),IF($K$18=U79,$O$18,0),IF($K$19=U79,$O$19,0),IF($K$20=U79,$O$20,0),IF($K$21=U79,$O$21,0),IF($K$22=U79,$O$22,0),IF($K$23=U79,$O$23,0),IF($K$24=U79,$O$24,0),IF($K$25=U79,$O$25,0),IF($K$26=U79,$O$26,0),IF($K$27=U79,$O$27,0),IF($K$28=U79,$O$28,0)),0) -> 0 | W79: AY33
U80: =人物卡!D34 -> 射击 | V80: =IF(附表!$I$12,MAX(IF($K$2=U80,$O$2,0),IF($K$3=U80,$O$3,0),IF($K$4=U80,$O$4,0),IF($K$5=U80,$O$5,0),IF($K$6=U80,$O$6,0),IF($K$7=U80,$O$7,0),IF($K$8=U80,$O$8,0),IF($K$9=U80,$O$9,0),IF($K$10=U80,$O$10,0),IF($K$11=U80,$O$11,0),IF($K$12=U80,$O$12,0),IF($K$13=U80,$O$13,0),IF($K$14=U80,$O$14,0),IF($K$15=U80,$O$15,0),IF($K$16=U80,$O$16,0),IF($K$17=U80,$O$17,0),IF($K$18=U80,$O$18,0),IF($K$19=U80,$O$19,0),IF($K$20=U80,$O$20,0),IF($K$21=U80,$O$21,0),IF($K$22=U80,$O$22,0),IF($K$23=U80,$O$23,0),IF($K$24=U80,$O$24,0),IF($K$25=U80,$O$25,0),IF($K$26=U80,$O$26,0),IF($K$27=U80,$O$27,0),IF($K$28=U80,$O$28,0)),0) -> 0 | W80: V34
U81: =人物卡!AG34 -> 潜藏 | V81: =IF(附表!$I$12,MAX(IF($K$2=U81,$O$2,0),IF($K$3=U81,$O$3,0),IF($K$4=U81,$O$4,0),IF($K$5=U81,$O$5,0),IF($K$6=U81,$O$6,0),IF($K$7=U81,$O$7,0),IF($K$8=U81,$O$8,0),IF($K$9=U81,$O$9,0),IF($K$10=U81,$O$10,0),IF($K$11=U81,$O$11,0),IF($K$12=U81,$O$12,0),IF($K$13=U81,$O$13,0),IF($K$14=U81,$O$14,0),IF($K$15=U81,$O$15,0),IF($K$16=U81,$O$16,0),IF($K$17=U81,$O$17,0),IF($K$18=U81,$O$18,0),IF($K$19=U81,$O$19,0),IF($K$20=U81,$O$20,0),IF($K$21=U81,$O$21,0),IF($K$22=U81,$O$22,0),IF($K$23=U81,$O$23,0),IF($K$24=U81,$O$24,0),IF($K$25=U81,$O$25,0),IF($K$26=U81,$O$26,0),IF($K$27=U81,$O$27,0),IF($K$28=U81,$O$28,0)),0) -> 0 | W81: AY34
U82: =人物卡!D35 -> 急救 | V82: =IF(附表!$I$12,MAX(IF($K$2=U82,$O$2,0),IF($K$3=U82,$O$3,0),IF($K$4=U82,$O$4,0),IF($K$5=U82,$O$5,0),IF($K$6=U82,$O$6,0),IF($K$7=U82,$O$7,0),IF($K$8=U82,$O$8,0),IF($K$9=U82,$O$9,0),IF($K$10=U82,$O$10,0),IF($K$11=U82,$O$11,0),IF($K$12=U82,$O$12,0),IF($K$13=U82,$O$13,0),IF($K$14=U82,$O$14,0),IF($K$15=U82,$O$15,0),IF($K$16=U82,$O$16,0),IF($K$17=U82,$O$17,0),IF($K$18=U82,$O$18,0),IF($K$19=U82,$O$19,0),IF($K$20=U82,$O$20,0),IF($K$21=U82,$O$21,0),IF($K$22=U82,$O$22,0),IF($K$23=U82,$O$23,0),IF($K$24=U82,$O$24,0),IF($K$25=U82,$O$25,0),IF($K$26=U82,$O$26,0),IF($K$27=U82,$O$27,0),IF($K$28=U82,$O$28,0)),0) -> 0 | W82: V35
U83: =人物卡!AG35 -> 手术 | V83: =IF(附表!$I$12,MAX(IF($K$2=U83,$O$2,0),IF($K$3=U83,$O$3,0),IF($K$4=U83,$O$4,0),IF($K$5=U83,$O$5,0),IF($K$6=U83,$O$6,0),IF($K$7=U83,$O$7,0),IF($K$8=U83,$O$8,0),IF($K$9=U83,$O$9,0),IF($K$10=U83,$O$10,0),IF($K$11=U83,$O$11,0),IF($K$12=U83,$O$12,0),IF($K$13=U83,$O$13,0),IF($K$14=U83,$O$14,0),IF($K$15=U83,$O$15,0),IF($K$16=U83,$O$16,0),IF($K$17=U83,$O$17,0),IF($K$18=U83,$O$18,0),IF($K$19=U83,$O$19,0),IF($K$20=U83,$O$20,0),IF($K$21=U83,$O$21,0),IF($K$22=U83,$O$22,0),IF($K$23=U83,$O$23,0),IF($K$24=U83,$O$24,0),IF($K$25=U83,$O$25,0),IF($K$26=U83,$O$26,0),IF($K$27=U83,$O$27,0),IF($K$28=U83,$O$28,0)),0) -> 0 | W83: AY35
U84: =SUBSTITUTE(人物卡!D36,"：","")&"（"&TRIM(人物卡!J36)&"）" -> 外语（） | V84: =IF(附表!$I$12,MAX(IF(AND($K$2=U84,$P$2="J36"),$O$2,0),IF(AND($K$3=U84,$P$3="J36"),$O$3,0),IF(AND($K$4=U84,$P$4="J36"),$O$4,0),IF(AND($K$5=U84,$P$5="J36"),$O$5,0),IF(AND($K$6=U84,$P$6="J36"),$O$6,0),IF(AND($K$7=U84,$P$7="J36"),$O$7,0),IF(AND($K$8=U84,$P$8="J36"),$O$8,0),IF(AND($K$9=U84,$P$9="J36"),$O$9,0),IF(AND($K$10=U84,$P$10="J36"),$O$10,0),IF(AND($K$11=U84,$P$11="J36"),$O$11,0),IF(AND($K$12=U84,$P$12="J36"),$O$12,0),IF(AND($K$13=U84,$P$13="J36"),$O$13,0),IF(AND($K$14=U84,$P$14="J36"),$O$14,0),IF(AND($K$15=U84,$P$15="J36"),$O$15,0),IF(AND($K$16=U84,$P$16="J36"),$O$16,0),IF(AND($K$17=U84,$P$17="J36"),$O$17,0),IF(AND($K$18=U84,$P$18="J36"),$O$18,0),IF(AND($K$19=U84,$P$19="J36"),$O$19,0),IF(AND($K$20=U84,$P$20="J36"),$O$20,0),IF(AND($K$21=U84,$P$21="J36"),$O$21,0),IF(AND($K$22=U84,$P$22="J36"),$O$22,0),IF(AND($K$23=U84,$P$23="J36"),$O$23,0),IF(AND($K$24=U84,$P$24="J36"),$O$24,0),IF(AND($K$25=U84,$P$25="J36"),$O$25,0),IF(AND($K$26=U84,$P$26="J36"),$O$26,0),IF(AND($K$27=U84,$P$27="J36"),$O$27,0),IF(AND($K$28=U84,$P$28="J36"),$O$28,0)),0) -> 0 | W84: V36
U85: =人物卡!AG36 -> 生存 | V85: =IF(附表!$I$12,MAX(IF($K$2=U85,$O$2,0),IF($K$3=U85,$O$3,0),IF($K$4=U85,$O$4,0),IF($K$5=U85,$O$5,0),IF($K$6=U85,$O$6,0),IF($K$7=U85,$O$7,0),IF($K$8=U85,$O$8,0),IF($K$9=U85,$O$9,0),IF($K$10=U85,$O$10,0),IF($K$11=U85,$O$11,0),IF($K$12=U85,$O$12,0),IF($K$13=U85,$O$13,0),IF($K$14=U85,$O$14,0),IF($K$15=U85,$O$15,0),IF($K$16=U85,$O$16,0),IF($K$17=U85,$O$17,0),IF($K$18=U85,$O$18,0),IF($K$19=U85,$O$19,0),IF($K$20=U85,$O$20,0),IF($K$21=U85,$O$21,0),IF($K$22=U85,$O$22,0),IF($K$23=U85,$O$23,0),IF($K$24=U85,$O$24,0),IF($K$25=U85,$O$25,0),IF($K$26=U85,$O$26,0),IF($K$27=U85,$O$27,0),IF($K$28=U85,$O$28,0)),0) -> 0 | W85: AY36
U86: =SUBSTITUTE(人物卡!D37,"：","")&"（"&TRIM(人物卡!J37)&"）" -> 外语（） | V86: =IF(附表!$I$12,MAX(IF(AND($K$2=U86,$P$2="J37"),$O$2,0),IF(AND($K$3=U86,$P$3="J37"),$O$3,0),IF(AND($K$4=U86,$P$4="J37"),$O$4,0),IF(AND($K$5=U86,$P$5="J37"),$O$5,0),IF(AND($K$6=U86,$P$6="J37"),$O$6,0),IF(AND($K$7=U86,$P$7="J37"),$O$7,0),IF(AND($K$8=U86,$P$8="J37"),$O$8,0),IF(AND($K$9=U86,$P$9="J37"),$O$9,0),IF(AND($K$10=U86,$P$10="J37"),$O$10,0),IF(AND($K$11=U86,$P$11="J37"),$O$11,0),IF(AND($K$12=U86,$P$12="J37"),$O$12,0),IF(AND($K$13=U86,$P$13="J37"),$O$13,0),IF(AND($K$14=U86,$P$14="J37"),$O$14,0),IF(AND($K$15=U86,$P$15="J37"),$O$15,0),IF(AND($K$16=U86,$P$16="J37"),$O$16,0),IF(AND($K$17=U86,$P$17="J37"),$O$17,0),IF(AND($K$18=U86,$P$18="J37"),$O$18,0),IF(AND($K$19=U86,$P$19="J37"),$O$19,0),IF(AND($K$20=U86,$P$20="J37"),$O$20,0),IF(AND($K$21=U86,$P$21="J37"),$O$21,0),IF(AND($K$22=U86,$P$22="J37"),$O$22,0),IF(AND($K$23=U86,$P$23="J37"),$O$23,0),IF(AND($K$24=U86,$P$24="J37"),$O$24,0),IF(AND($K$25=U86,$P$25="J37"),$O$25,0),IF(AND($K$26=U86,$P$26="J37"),$O$26,0),IF(AND($K$27=U86,$P$27="J37"),$O$27,0),IF(AND($K$28=U86,$P$28="J37"),$O$28,0)),0) -> 0 | W86: V37
U87: =人物卡!AG37 -> 游泳 | V87: =IF(附表!$I$12,MAX(IF($K$2=U87,$O$2,0),IF($K$3=U87,$O$3,0),IF($K$4=U87,$O$4,0),IF($K$5=U87,$O$5,0),IF($K$6=U87,$O$6,0),IF($K$7=U87,$O$7,0),IF($K$8=U87,$O$8,0),IF($K$9=U87,$O$9,0),IF($K$10=U87,$O$10,0),IF($K$11=U87,$O$11,0),IF($K$12=U87,$O$12,0),IF($K$13=U87,$O$13,0),IF($K$14=U87,$O$14,0),IF($K$15=U87,$O$15,0),IF($K$16=U87,$O$16,0),IF($K$17=U87,$O$17,0),IF($K$18=U87,$O$18,0),IF($K$19=U87,$O$19,0),IF($K$20=U87,$O$20,0),IF($K$21=U87,$O$21,0),IF($K$22=U87,$O$22,0),IF($K$23=U87,$O$23,0),IF($K$24=U87,$O$24,0),IF($K$25=U87,$O$25,0),IF($K$26=U87,$O$26,0),IF($K$27=U87,$O$27,0),IF($K$28=U87,$O$28,0)),0) -> 0 | W87: AY37
U88: =SUBSTITUTE(人物卡!D38,"：","")&"（"&TRIM(人物卡!J38)&"）" -> 外语（） | V88: =IF(附表!$I$12,MAX(IF(AND($K$2=U88,$P$2="J38"),$O$2,0),IF(AND($K$3=U88,$P$3="J38"),$O$3,0),IF(AND($K$4=U88,$P$4="J38"),$O$4,0),IF(AND($K$5=U88,$P$5="J38"),$O$5,0),IF(AND($K$6=U88,$P$6="J38"),$O$6,0),IF(AND($K$7=U88,$P$7="J38"),$O$7,0),IF(AND($K$8=U88,$P$8="J38"),$O$8,0),IF(AND($K$9=U88,$P$9="J38"),$O$9,0),IF(AND($K$10=U88,$P$10="J38"),$O$10,0),IF(AND($K$11=U88,$P$11="J38"),$O$11,0),IF(AND($K$12=U88,$P$12="J38"),$O$12,0),IF(AND($K$13=U88,$P$13="J38"),$O$13,0),IF(AND($K$14=U88,$P$14="J38"),$O$14,0),IF(AND($K$15=U88,$P$15="J38"),$O$15,0),IF(AND($K$16=U88,$P$16="J38"),$O$16,0),IF(AND($K$17=U88,$P$17="J38"),$O$17,0),IF(AND($K$18=U88,$P$18="J38"),$O$18,0),IF(AND($K$19=U88,$P$19="J38"),$O$19,0),IF(AND($K$20=U88,$P$20="J38"),$O$20,0),IF(AND($K$21=U88,$P$21="J38"),$O$21,0),IF(AND($K$22=U88,$P$22="J38"),$O$22,0),IF(AND($K$23=U88,$P$23="J38"),$O$23,0),IF(AND($K$24=U88,$P$24="J38"),$O$24,0),IF(AND($K$25=U88,$P$25="J38"),$O$25,0),IF(AND($K$26=U88,$P$26="J38"),$O$26,0),IF(AND($K$27=U88,$P$27="J38"),$O$27,0),IF(AND($K$28=U88,$P$28="J38"),$O$28,0)),0) -> 0 | W88: V38
U89: =人物卡!AG38 -> 徒手搏斗 | V89: =IF(附表!$I$12,MAX(IF($K$2=U89,$O$2,0),IF($K$3=U89,$O$3,0),IF($K$4=U89,$O$4,0),IF($K$5=U89,$O$5,0),IF($K$6=U89,$O$6,0),IF($K$7=U89,$O$7,0),IF($K$8=U89,$O$8,0),IF($K$9=U89,$O$9,0),IF($K$10=U89,$O$10,0),IF($K$11=U89,$O$11,0),IF($K$12=U89,$O$12,0),IF($K$13=U89,$O$13,0),IF($K$14=U89,$O$14,0),IF($K$15=U89,$O$15,0),IF($K$16=U89,$O$16,0),IF($K$17=U89,$O$17,0),IF($K$18=U89,$O$18,0),IF($K$19=U89,$O$19,0),IF($K$20=U89,$O$20,0),IF($K$21=U89,$O$21,0),IF($K$22=U89,$O$22,0),IF($K$23=U89,$O$23,0),IF($K$24=U89,$O$24,0),IF($K$25=U89,$O$25,0),IF($K$26=U89,$O$26,0),IF($K$27=U89,$O$27,0),IF($K$28=U89,$O$28,0)),0) -> 0 | W89: AY38
U90: =人物卡!D39 -> 法证学 | V90: =IF(附表!$I$12,MAX(IF($K$2=U90,$O$2,0),IF($K$3=U90,$O$3,0),IF($K$4=U90,$O$4,0),IF($K$5=U90,$O$5,0),IF($K$6=U90,$O$6,0),IF($K$7=U90,$O$7,0),IF($K$8=U90,$O$8,0),IF($K$9=U90,$O$9,0),IF($K$10=U90,$O$10,0),IF($K$11=U90,$O$11,0),IF($K$12=U90,$O$12,0),IF($K$13=U90,$O$13,0),IF($K$14=U90,$O$14,0),IF($K$15=U90,$O$15,0),IF($K$16=U90,$O$16,0),IF($K$17=U90,$O$17,0),IF($K$18=U90,$O$18,0),IF($K$19=U90,$O$19,0),IF($K$20=U90,$O$20,0),IF($K$21=U90,$O$21,0),IF($K$22=U90,$O$22,0),IF($K$23=U90,$O$23,0),IF($K$24=U90,$O$24,0),IF($K$25=U90,$O$25,0),IF($K$26=U90,$O$26,0),IF($K$27=U90,$O$27,0),IF($K$28=U90,$O$28,0)),0) -> 0 | W90: V39
U91: =人物卡!D40 -> 重型机械 | V91: =IF(附表!$I$12,MAX(IF($K$2=U91,$O$2,0),IF($K$3=U91,$O$3,0),IF($K$4=U91,$O$4,0),IF($K$5=U91,$O$5,0),IF($K$6=U91,$O$6,0),IF($K$7=U91,$O$7,0),IF($K$8=U91,$O$8,0),IF($K$9=U91,$O$9,0),IF($K$10=U91,$O$10,0),IF($K$11=U91,$O$11,0),IF($K$12=U91,$O$12,0),IF($K$13=U91,$O$13,0),IF($K$14=U91,$O$14,0),IF($K$15=U91,$O$15,0),IF($K$16=U91,$O$16,0),IF($K$17=U91,$O$17,0),IF($K$18=U91,$O$18,0),IF($K$19=U91,$O$19,0),IF($K$20=U91,$O$20,0),IF($K$21=U91,$O$21,0),IF($K$22=U91,$O$22,0),IF($K$23=U91,$O$23,0),IF($K$24=U91,$O$24,0),IF($K$25=U91,$O$25,0),IF($K$26=U91,$O$26,0),IF($K$27=U91,$O$27,0),IF($K$28=U91,$O$28,0)),0) -> 0 | W91: V40
U92: =人物卡!D41 -> 重型武器 | V92: =IF(附表!$I$12,MAX(IF($K$2=U92,$O$2,0),IF($K$3=U92,$O$3,0),IF($K$4=U92,$O$4,0),IF($K$5=U92,$O$5,0),IF($K$6=U92,$O$6,0),IF($K$7=U92,$O$7,0),IF($K$8=U92,$O$8,0),IF($K$9=U92,$O$9,0),IF($K$10=U92,$O$10,0),IF($K$11=U92,$O$11,0),IF($K$12=U92,$O$12,0),IF($K$13=U92,$O$13,0),IF($K$14=U92,$O$14,0),IF($K$15=U92,$O$15,0),IF($K$16=U92,$O$16,0),IF($K$17=U92,$O$17,0),IF($K$18=U92,$O$18,0),IF($K$19=U92,$O$19,0),IF($K$20=U92,$O$20,0),IF($K$21=U92,$O$21,0),IF($K$22=U92,$O$22,0),IF($K$23=U92,$O$23,0),IF($K$24=U92,$O$24,0),IF($K$25=U92,$O$25,0),IF($K$26=U92,$O$26,0),IF($K$27=U92,$O$27,0),IF($K$28=U92,$O$28,0)),0) -> 0 | W92: V41
U93: =人物卡!D42 -> 历史 | V93: =IF(附表!$I$12,MAX(IF($K$2=U93,$O$2,0),IF($K$3=U93,$O$3,0),IF($K$4=U93,$O$4,0),IF($K$5=U93,$O$5,0),IF($K$6=U93,$O$6,0),IF($K$7=U93,$O$7,0),IF($K$8=U93,$O$8,0),IF($K$9=U93,$O$9,0),IF($K$10=U93,$O$10,0),IF($K$11=U93,$O$11,0),IF($K$12=U93,$O$12,0),IF($K$13=U93,$O$13,0),IF($K$14=U93,$O$14,0),IF($K$15=U93,$O$15,0),IF($K$16=U93,$O$16,0),IF($K$17=U93,$O$17,0),IF($K$18=U93,$O$18,0),IF($K$19=U93,$O$19,0),IF($K$20=U93,$O$20,0),IF($K$21=U93,$O$21,0),IF($K$22=U93,$O$22,0),IF($K$23=U93,$O$23,0),IF($K$24=U93,$O$24,0),IF($K$25=U93,$O$25,0),IF($K$26=U93,$O$26,0),IF($K$27=U93,$O$27,0),IF($K$28=U93,$O$28,0)),0) -> 0 | W93: V42
U94: =人物卡!D43 -> 人源情报 | V94: =IF(附表!$I$12,MAX(IF($K$2=U94,$O$2,0),IF($K$3=U94,$O$3,0),IF($K$4=U94,$O$4,0),IF($K$5=U94,$O$5,0),IF($K$6=U94,$O$6,0),IF($K$7=U94,$O$7,0),IF($K$8=U94,$O$8,0),IF($K$9=U94,$O$9,0),IF($K$10=U94,$O$10,0),IF($K$11=U94,$O$11,0),IF($K$12=U94,$O$12,0),IF($K$13=U94,$O$13,0),IF($K$14=U94,$O$14,0),IF($K$15=U94,$O$15,0),IF($K$16=U94,$O$16,0),IF($K$17=U94,$O$17,0),IF($K$18=U94,$O$18,0),IF($K$19=U94,$O$19,0),IF($K$20=U94,$O$20,0),IF($K$21=U94,$O$21,0),IF($K$22=U94,$O$22,0),IF($K$23=U94,$O$23,0),IF($K$24=U94,$O$24,0),IF($K$25=U94,$O$25,0),IF($K$26=U94,$O$26,0),IF($K$27=U94,$O$27,0),IF($K$28=U94,$O$28,0)),0) -> 0 | W94: V43
A100: 2 | B100: 0 | D100: fixed | F100: 0 | M100: D2 | N100: FALSE
A101: 2 | B101: 1 | D101: fixed | F101: 0 | M101: E2 | N101: FALSE
A102: 2 | B102: 2 | D102: fixed | F102: 0 | M102: F2 | N102: FALSE
A103: 2 | B103: 3 | D103: fixed | F103: 0 | M103: G2 | N103: FALSE
A104: 2 | B104: 4 | D104: fixed | F104: 0 | M104: H2 | N104: FALSE
A105: 2 | B105: 5 | D105: fixed | F105: 0 | M105: I2 | N105: FALSE
A106: 2 | B106: 6 | D106: fixed | F106: 0 | M106: J2 | N106: FALSE
A107: 2 | B107: 7 | D107: fixed | F107: 0 | M107: K2 | N107: FALSE
A108: 2 | B108: 8 | D108: fixed | F108: 0 | M108: L2 | N108: FALSE
A109: 2 | B109: 9 | D109: fixed | F109: 0 | M109: M2 | N109: FALSE
A110: 2 | B110: 10 | D110: fixed | F110: 0 | M110: N2 | N110: FALSE
A111: 2 | B111: 11 | D111: fixed | F111: 0 | M111: O2 | N111: FALSE
... A126: 2 | B126: 26 | D126: free | F126: 0 | M126: AE2 | N126: FALSE
A127: 8 | B127: 0 | C127: 人类学50%或考古学50% | D127: required | F127: 50 | G127: skill | J127: 人类学|考古学 | K127: 二选一 | L127: P62 | M127: D8 | N127: FALSE
A128: 8 | B128: 1 | C128: 行政40% | D128: fixed | E128: 行政 | F128: 40 | I128: 行政 | M128: E8 | N128: FALSE
A129: 8 | B129: 2 | C129: 外语（任选）50% | D129: required | E129: 外语 | F129: 50 | G129: any | J129: 英语|法语|德语|西班牙语|俄语|日语|阿拉伯语|汉语|韩语|意大利语|葡萄牙语|拉丁语 | K129: 外语1 | L129: J36 | M129: F8 | N129: FALSE
A130: 8 | B130: 3 | C130: 外语（任选）40% | D130: required | E130: 外语 | F130: 40 | G130: any | J130: 英语|法语|德语|西班牙语|俄语|日语|阿拉伯语|汉语|韩语|意大利语|葡萄牙语|拉丁语 | K130: 外语2 | L130: J37 | M130: G8 | N130: FALSE
...

Sheet 规则数据
S1: =IFERROR(MATCH(人物卡!$BW$46,$A$100:$A$331,0)+99,0) -> 100
A2: =IF($S$1=0,"",IF(INDEX($C$1:$C$331,$S$1+0)="","",INDEX($C$1:$C$331,$S$1+0))) -> 自选技能1（+20） | B2: =IF($S$1=0,"",IF(INDEX($D$1:$D$331,$S$1+0)="","",INDEX($D$1:$D$331,$S$1+0))) -> any | C2: =IF($S$1=0,"",IF(INDEX($E$1:$E$331,$S$1+0)="","",INDEX($E$1:$E$331,$S$1+0))) | D2: =IF($S$1=0,"",IF(INDEX($F$1:$F$331,$S$1+0)="","",INDEX($F$1:$F$331,$S$1+0))) | E2: =IF($S$1=0,"",IF(INDEX($G$1:$G$331,$S$1+0)="","",INDEX($G$1:$G$331,$S$1+0))) | F2: =TRIM(人物卡!BZ49) | G2: =IF(F2<>"",F2,IF(B2="fixed",C2,IF(B2="group",IF(E2="艺术",IFERROR(CHOOSE(COUNTIF($E$2:E2,E2),$A$24,$A$25,$A$26),""),IF(E2="工艺",IFERROR(CHOOSE(COUNTIF($E$2:E2,E2),$A$31,$A$32,$A$33,$A$34),""),IF(E2="外语",IFERROR(CHOOSE(COUNTIF($E$2:E2,E2),$A$42,$A$43,$A$44),""),IF(E2="军事科学",IFERROR(CHOOSE(COUNTIF($E$2:E2,E2),$A$53,$A$54,$A$55),""),IF(E2="特种载具",IFERROR(CHOOSE(COUNTIF($E$2:E2,E2),$A$60,$A$61,$A$62),""),IF(E2="科学",IFERROR(CHOOSE(COUNTIF($E$2:E2,E2),$A$65,$A$66,$A$67),""),"")))))),""))) | H2: =IF(AND(G2<>"",G2<>"非自然知识",COUNTIF($A$20:$A$78,G2)>0,OR(B2="any",B2="fixed",AND(B2="group",LEFT(G2,LEN(E2)+1)=E2&"（"),IFERROR(OR(ISNUMBER(FIND("|"&G2&"|",D2)),AND(IFERROR(FIND("（",G2),0)>0,ISNUMBER(FIND("|"&LEFT(G2,FIND("（",G2)-1)&"*|",D2)))),FALSE))),G2,"") | I2: =IF(A2="","",IF(H2="","待选／填写主卡细项","已分配")) -> 待选／填写主卡细项 | S2: =COUNTIF($H$2:$H$9,"?*") -> 0 | AR2: =IF(AND(B2="fixed",E2="艺术",COUNTIF(职业选项!$G$2:$G$28,C2)=0,COUNTIF($C$2:C2,C2)=1),ROW()-1,999) -> 999 | AS2: =IF(AND(B2="fixed",E2="工艺",COUNTIF(职业选项!$G$2:$G$28,C2)=0,COUNTIF($C$2:C2,C2)=1),ROW()-1,999) -> 999 | AT2: =IF(AND(B2="fixed",E2="外语",COUNTIF(职业选项!$G$2:$G$28,C2)=0,COUNTIF($C$2:C2,C2)=1),ROW()-1,999) -> 999 | AU2: =IF(AND(B2="fixed",E2="军事科学",COUNTIF(职业选项!$G$2:$G$28,C2)=0,COUNTIF($C$2:C2,C2)=1),ROW()-1,999) -> 999 | AV2: =IF(AND(B2="fixed",E2="特种载具",COUNTIF(职业选项!$G$2:$G$28,C2)=0,COUNTIF($C$2:C2,C2)=1),ROW()-1,999) -> 999 | AW2: =IF(AND(B2="fixed",E2="科学",COUNTIF(职业选项!$G$2:$G$28,C2)=0,COUNTIF($C$2:C2,C2)=1),ROW()-1,999) -> 999 | AX2: =IF(AND(B2="fixed",E2<>"",COUNTIF($A$20:$A$74,C2)=0,COUNTIF($C$2:C2,C2)=1),ROW()-1,999) -> 999
A3: =IF($S$1=0,"",IF(INDEX($C$1:$C$331,$S$1+1)="","",INDEX($C$1:$C$331,$S$1+1))) -> 自选技能2（+20） | B3: =IF($S$1=0,"",IF(INDEX($D$1:$D$331,$S$1+1)="","",INDEX($D$1:$D$331,$S$1+1))) -> any | C3: =IF($S$1=0,"",IF(INDEX($E$1:$E$331,$S$1+1)="","",INDEX($E$1:$E$331,$S$1+1))) | D3: =IF($S$1=0,"",IF(INDEX($F$1:$F$331,$S$1+1)="","",INDEX($F$1:$F$331,$S$1+1))) | E3: =IF($S$1=0,"",IF(INDEX($G$1:$G$331,$S$1+1)="","",INDEX($G$1:$G$331,$S$1+1))) | F3: =TRIM(人物卡!BZ50) | G3: =IF(F3<>"",F3,IF(B3="fixed",C3,IF(B3="group",IF(E3="艺术",IFERROR(CHOOSE(COUNTIF($E$2:E3,E3),$A$24,$A$25,$A$26),""),IF(E3="工艺",IFERROR(CHOOSE(COUNTIF($E$2:E3,E3),$A$31,$A$32,$A$33,$A$34),""),IF(E3="外语",IFERROR(CHOOSE(COUNTIF($E$2:E3,E3),$A$42,$A$43,$A$44),""),IF(E3="军事科学",IFERROR(CHOOSE(COUNTIF($E$2:E3,E3),$A$53,$A$54,$A$55),""),IF(E3="特种载具",IFERROR(CHOOSE(COUNTIF($E$2:E3,E3),$A$60,$A$61,$A$62),""),IF(E3="科学",IFERROR(CHOOSE(COUNTIF($E$2:E3,E3),$A$65,$A$66,$A$67),""),"")))))),""))) | H3: =IF(AND(G3<>"",G3<>"非自然知识",COUNTIF($A$20:$A$78,G3)>0,OR(B3="any",B3="fixed",AND(B3="group",LEFT(G3,LEN(E3)+1)=E3&"（"),IFERROR(OR(ISNUMBER(FIND("|"&G3&"|",D3)),AND(IFERROR(FIND("（",G3),0)>0,ISNUMBER(FIND("|"&LEFT(G3,FIND("（",G3)-1)&"*|",D3)))),FALSE))),G3,"") | I3: =IF(A3="","",IF(H3="","待选／填写主卡细项","已分配")) -> 待选／填写主卡细项 | S3: =SUM($E$20:$E$78) -> 0 | AR3: =IF(AND(B3="fixed",E3="艺术",COUNTIF(职业选项!$G$2:$G$28,C3)=0,COUNTIF($C$2:C3,C3)=1),ROW()-1,999) -> 999 | AS3: =IF(AND(B3="fixed",E3="工艺",COUNTIF(职业选项!$G$2:$G$28,C3)=0,COUNTIF($C$2:C3,C3)=1),ROW()-1,999) -> 999 | AT3: =IF(AND(B3="fixed",E3="外语",COUNTIF(职业选项!$G$2:$G$28,C3)=0,COUNTIF($C$2:C3,C3)=1),ROW()-1,999) -> 999 | AU3: =IF(AND(B3="fixed",E3="军事科学",COUNTIF(职业选项!$G$2:$G$28,C3)=0,COUNTIF($C$2:C3,C3)=1),ROW()-1,999) -> 999 | AV3: =IF(AND(B3="fixed",E3="特种载具",COUNTIF(职业选项!$G$2:$G$28,C3)=0,COUNTIF($C$2:C3,C3)=1),ROW()-1,999) -> 999 | AW3: =IF(AND(B3="fixed",E3="科学",COUNTIF(职业选项!$G$2:$G$28,C3)=0,COUNTIF($C$2:C3,C3)=1),ROW()-1,999) -> 999 | AX3: =IF(AND(B3="fixed",E3<>"",COUNTIF($A$20:$A$74,C3)=0,COUNTIF($C$2:C3,C3)=1),ROW()-1,999) -> 999
A4: =IF($S$1=0,"",IF(INDEX($C$1:$C$331,$S$1+2)="","",INDEX($C$1:$C$331,$S$1+2))) -> 自选技能3（+20） | B4: =IF($S$1=0,"",IF(INDEX($D$1:$D$331,$S$1+2)="","",INDEX($D$1:$D$331,$S$1+2))) -> any | C4: =IF($S$1=0,"",IF(INDEX($E$1:$E$331,$S$1+2)="","",INDEX($E$1:$E$331,$S$1+2))) | D4: =IF($S$1=0,"",IF(INDEX($F$1:$F$331,$S$1+2)="","",INDEX($F$1:$F$331,$S$1+2))) | E4: =IF($S$1=0,"",IF(INDEX($G$1:$G$331,$S$1+2)="","",INDEX($G$1:$G$331,$S$1+2))) | F4: =TRIM(人物卡!BZ51) | G4: =IF(F4<>"",F4,IF(B4="fixed",C4,IF(B4="group",IF(E4="艺术",IFERROR(CHOOSE(COUNTIF($E$2:E4,E4),$A$24,$A$25,$A$26),""),IF(E4="工艺",IFERROR(CHOOSE(COUNTIF($E$2:E4,E4),$A$31,$A$32,$A$33,$A$34),""),IF(E4="外语",IFERROR(CHOOSE(COUNTIF($E$2:E4,E4),$A$42,$A$43,$A$44),""),IF(E4="军事科学",IFERROR(CHOOSE(COUNTIF($E$2:E4,E4),$A$53,$A$54,$A$55),""),IF(E4="特种载具",IFERROR(CHOOSE(COUNTIF($E$2:E4,E4),$A$60,$A$61,$A$62),""),IF(E4="科学",IFERROR(CHOOSE(COUNTIF($E$2:E4,E4),$A$65,$A$66,$A$67),""),"")))))),""))) | H4: =IF(AND(G4<>"",G4<>"非自然知识",COUNTIF($A$20:$A$78,G4)>0,OR(B4="any",B4="fixed",AND(B4="group",LEFT(G4,LEN(E4)+1)=E4&"（"),IFERROR(OR(ISNUMBER(FIND("|"&G4&"|",D4)),AND(IFERROR(FIND("（",G4),0)>0,ISNUMBER(FIND("|"&LEFT(G4,FIND("（",G4)-1)&"*|",D4)))),FALSE))),G4,"") | I4: =IF(A4="","",IF(H4="","待选／填写主卡细项","已分配")) -> 待选／填写主卡细项 | S4: =SUM($D$20:$D$78)-S3 -> 0 | AR4: =IF(AND(B4="fixed",E4="艺术",COUNTIF(职业选项!$G$2:$G$28,C4)=0,COUNTIF($C$2:C4,C4)=1),ROW()-1,999) -> 999 | AS4: =IF(AND(B4="fixed",E4="工艺",COUNTIF(职业选项!$G$2:$G$28,C4)=0,COUNTIF($C$2:C4,C4)=1),ROW()-1,999) -> 999 | AT4: =IF(AND(B4="fixed",E4="外语",COUNTIF(职业选项!$G$2:$G$28,C4)=0,COUNTIF($C$2:C4,C4)=1),ROW()-1,999) -> 999 | AU4: =IF(AND(B4="fixed",E4="军事科学",COUNTIF(职业选项!$G$2:$G$28,C4)=0,COUNTIF($C$2:C4,C4)=1),ROW()-1,999) -> 999 | AV4: =IF(AND(B4="fixed",E4="特种载具",COUNTIF(职业选项!$G$2:$G$28,C4)=0,COUNTIF($C$2:C4,C4)=1),ROW()-1,999) -> 999 | AW4: =IF(AND(B4="fixed",E4="科学",COUNTIF(职业选项!$G$2:$G$28,C4)=0,COUNTIF($C$2:C4,C4)=1),ROW()-1,999) -> 999 | AX4: =IF(AND(B4="fixed",E4<>"",COUNTIF($A$20:$A$74,C4)=0,COUNTIF($C$2:C4,C4)=1),ROW()-1,999) -> 999
A5: =IF($S$1=0,"",IF(INDEX($C$1:$C$331,$S$1+3)="","",INDEX($C$1:$C$331,$S$1+3))) -> 自选技能4（+20） | B5: =IF($S$1=0,"",IF(INDEX($D$1:$D$331,$S$1+3)="","",INDEX($D$1:$D$331,$S$1+3))) -> any | C5: =IF($S$1=0,"",IF(INDEX($E$1:$E$331,$S$1+3)="","",INDEX($E$1:$E$331,$S$1+3))) | D5: =IF($S$1=0,"",IF(INDEX($F$1:$F$331,$S$1+3)="","",INDEX($F$1:$F$331,$S$1+3))) | E5: =IF($S$1=0,"",IF(INDEX($G$1:$G$331,$S$1+3)="","",INDEX($G$1:$G$331,$S$1+3))) | F5: =TRIM(人物卡!BZ52) | G5: =IF(F5<>"",F5,IF(B5="fixed",C5,IF(B5="group",IF(E5="艺术",IFERROR(CHOOSE(COUNTIF($E$2:E5,E5),$A$24,$A$25,$A$26),""),IF(E5="工艺",IFERROR(CHOOSE(COUNTIF($E$2:E5,E5),$A$31,$A$32,$A$33,$A$34),""),IF(E5="外语",IFERROR(CHOOSE(COUNTIF($E$2:E5,E5),$A$42,$A$43,$A$44),""),IF(E5="军事科学",IFERROR(CHOOSE(COUNTIF($E$2:E5,E5),$A$53,$A$54,$A$55),""),IF(E5="特种载具",IFERROR(CHOOSE(COUNTIF($E$2:E5,E5),$A$60,$A$61,$A$62),""),IF(E5="科学",IFERROR(CHOOSE(COUNTIF($E$2:E5,E5),$A$65,$A$66,$A$67),""),"")))))),""))) | H5: =IF(AND(G5<>"",G5<>"非自然知识",COUNTIF($A$20:$A$78,G5)>0,OR(B5="any",B5="fixed",AND(B5="group",LEFT(G5,LEN(E5)+1)=E5&"（"),IFERROR(OR(ISNUMBER(FIND("|"&G5&"|",D5)),AND(IFERROR(FIND("（",G5),0)>0,ISNUMBER(FIND("|"&LEFT(G5,FIND("（",G5)-1)&"*|",D5)))),FALSE))),G5,"") | I5: =IF(A5="","",IF(H5="","待选／填写主卡细项","已分配")) -> 待选／填写主卡细项 | S5: =COUNTIF($I$20:$I$78,"同名技能占多格") -> 0 | AR5: =IF(AND(B5="fixed",E5="艺术",COUNTIF(职业选项!$G$2:$G$28,C5)=0,COUNTIF($C$2:C5,C5)=1),ROW()-1,999) -> 999 | AS5: =IF(AND(B5="fixed",E5="工艺",COUNTIF(职业选项!$G$2:$G$28,C5)=0,COUNTIF($C$2:C5,C5)=1),ROW()-1,999) -> 999 | AT5: =IF(AND(B5="fixed",E5="外语",COUNTIF(职业选项!$G$2:$G$28,C5)=0,COUNTIF($C$2:C5,C5)=1),ROW()-1,999) -> 999 | AU5: =IF(AND(B5="fixed",E5="军事科学",COUNTIF(职业选项!$G$2:$G$28,C5)=0,COUNTIF($C$2:C5,C5)=1),ROW()-1,999) -> 999 | AV5: =IF(AND(B5="fixed",E5="特种载具",COUNTIF(职业选项!$G$2:$G$28,C5)=0,COUNTIF($C$2:C5,C5)=1),ROW()-1,999) -> 999 | AW5: =IF(AND(B5="fixed",E5="科学",COUNTIF(职业选项!$G$2:$G$28,C5)=0,COUNTIF($C$2:C5,C5)=1),ROW()-1,999) -> 999 | AX5: =IF(AND(B5="fixed",E5<>"",COUNTIF($A$20:$A$74,C5)=0,COUNTIF($C$2:C5,C5)=1),ROW()-1,999) -> 999
A6: =IF($S$1=0,"",IF(INDEX($C$1:$C$331,$S$1+4)="","",INDEX($C$1:$C$331,$S$1+4))) -> 自选技能5（+20） | B6: =IF($S$1=0,"",IF(INDEX($D$1:$D$331,$S$1+4)="","",INDEX($D$1:$D$331,$S$1+4))) -> any | C6: =IF($S$1=0,"",IF(INDEX($E$1:$E$331,$S$1+4)="","",INDEX($E$1:$E$331,$S$1+4))) | D6: =IF($S$1=0,"",IF(INDEX($F$1:$F$331,$S$1+4)="","",INDEX($F$1:$F$331,$S$1+4))) | E6: =IF($S$1=0,"",IF(INDEX($G$1:$G$331,$S$1+4)="","",INDEX($G$1:$G$331,$S$1+4))) | F6: =TRIM(人物卡!BZ53) | G6: =IF(F6<>"",F6,IF(B6="fixed",C6,IF(B6="group",IF(E6="艺术",IFERROR(CHOOSE(COUNTIF($E$2:E6,E6),$A$24,$A$25,$A$26),""),IF(E6="工艺",IFERROR(CHOOSE(COUNTIF($E$2:E6,E6),$A$31,$A$32,$A$33,$A$34),""),IF(E6="外语",IFERROR(CHOOSE(COUNTIF($E$2:E6,E6),$A$42,$A$43,$A$44),""),IF(E6="军事科学",IFERROR(CHOOSE(COUNTIF($E$2:E6,E6),$A$53,$A$54,$A$55),""),IF(E6="特种载具",IFERROR(CHOOSE(COUNTIF($E$2:E6,E6),$A$60,$A$61,$A$62),""),IF(E6="科学",IFERROR(CHOOSE(COUNTIF($E$2:E6,E6),$A$65,$A$66,$A$67),""),"")))))),""))) | H6: =IF(AND(G6<>"",G6<>"非自然知识",COUNTIF($A$20:$A$78,G6)>0,OR(B6="any",B6="fixed",AND(B6="group",LEFT(G6,LEN(E6)+1)=E6&"（"),IFERROR(OR(ISNUMBER(FIND("|"&G6&"|",D6)),AND(IFERROR(FIND("（",G6),0)>0,ISNUMBER(FIND("|"&LEFT(G6,FIND("（",G6)-1)&"*|",D6)))),FALSE))),G6,"") | I6: =IF(A6="","",IF(H6="","待选／填写主卡细项","已分配")) -> 待选／填写主卡细项 | S6: =IF(S1=0,"请选择技能包",S2&"/8项；已加"&S3&"/160点"&IF(S4>0,"；有超80点数","")&IF(S5>0,"；有同名格","")&IF(S2<8,"；待填细项／选择","")) -> 0/8项；已加0/160点；待填细项／选择 | AR6: =IF(AND(B6="fixed",E6="艺术",COUNTIF(职业选项!$G$2:$G$28,C6)=0,COUNTIF($C$2:C6,C6)=1),ROW()-1,999) -> 999 | AS6: =IF(AND(B6="fixed",E6="工艺",COUNTIF(职业选项!$G$2:$G$28,C6)=0,COUNTIF($C$2:C6,C6)=1),ROW()-1,999) -> 999 | AT6: =IF(AND(B6="fixed",E6="外语",COUNTIF(职业选项!$G$2:$G$28,C6)=0,COUNTIF($C$2:C6,C6)=1),ROW()-1,999) -> 999 | AU6: =IF(AND(B6="fixed",E6="军事科学",COUNTIF(职业选项!$G$2:$G$28,C6)=0,COUNTIF($C$2:C6,C6)=1),ROW()-1,999) -> 999 | AV6: =IF(AND(B6="fixed",E6="特种载具",COUNTIF(职业选项!$G$2:$G$28,C6)=0,COUNTIF($C$2:C6,C6)=1),ROW()-1,999) -> 999 | AW6: =IF(AND(B6="fixed",E6="科学",COUNTIF(职业选项!$G$2:$G$28,C6)=0,COUNTIF($C$2:C6,C6)=1),ROW()-1,999) -> 999 | AX6: =IF(AND(B6="fixed",E6<>"",COUNTIF($A$20:$A$74,C6)=0,COUNTIF($C$2:C6,C6)=1),ROW()-1,999) -> 999
A7: =IF($S$1=0,"",IF(INDEX($C$1:$C$331,$S$1+5)="","",INDEX($C$1:$C$331,$S$1+5))) -> 自选技能6（+20） | B7: =IF($S$1=0,"",IF(INDEX($D$1:$D$331,$S$1+5)="","",INDEX($D$1:$D$331,$S$1+5))) -> any | C7: =IF($S$1=0,"",IF(INDEX($E$1:$E$331,$S$1+5)="","",INDEX($E$1:$E$331,$S$1+5))) | D7: =IF($S$1=0,"",IF(INDEX($F$1:$F$331,$S$1+5)="","",INDEX($F$1:$F$331,$S$1+5))) | E7: =IF($S$1=0,"",IF(INDEX($G$1:$G$331,$S$1+5)="","",INDEX($G$1:$G$331,$S$1+5))) | F7: =TRIM(人物卡!BZ54) | G7: =IF(F7<>"",F7,IF(B7="fixed",C7,IF(B7="group",IF(E7="艺术",IFERROR(CHOOSE(COUNTIF($E$2:E7,E7),$A$24,$A$25,$A$26),""),IF(E7="工艺",IFERROR(CHOOSE(COUNTIF($E$2:E7,E7),$A$31,$A$32,$A$33,$A$34),""),IF(E7="外语",IFERROR(CHOOSE(COUNTIF($E$2:E7,E7),$A$42,$A$43,$A$44),""),IF(E7="军事科学",IFERROR(CHOOSE(COUNTIF($E$2:E7,E7),$A$53,$A$54,$A$55),""),IF(E7="特种载具",IFERROR(CHOOSE(COUNTIF($E$2:E7,E7),$A$60,$A$61,$A$62),""),IF(E7="科学",IFERROR(CHOOSE(COUNTIF($E$2:E7,E7),$A$65,$A$66,$A$67),""),"")))))),""))) | H7: =IF(AND(G7<>"",G7<>"非自然知识",COUNTIF($A$20:$A$78,G7)>0,OR(B7="any",B7="fixed",AND(B7="group",LEFT(G7,LEN(E7)+1)=E7&"（"),IFERROR(OR(ISNUMBER(FIND("|"&G7&"|",D7)),AND(IFERROR(FIND("（",G7),0)>0,ISNUMBER(FIND("|"&LEFT(G7,FIND("（",G7)-1)&"*|",D7)))),FALSE))),G7,"") | I7: =IF(A7="","",IF(H7="","待选／填写主卡细项","已分配")) -> 待选／填写主卡细项 | S7: =COUNTIF($H$12:$H$16,"?*") -> 0 | AR7: =IF(AND(B7="fixed",E7="艺术",COUNTIF(职业选项!$G$2:$G$28,C7)=0,COUNTIF($C$2:C7,C7)=1),ROW()-1,999) -> 999 | AS7: =IF(AND(B7="fixed",E7="工艺",COUNTIF(职业选项!$G$2:$G$28,C7)=0,COUNTIF($C$2:C7,C7)=1),ROW()-1,999) -> 999 | AT7: =IF(AND(B7="fixed",E7="外语",COUNTIF(职业选项!$G$2:$G$28,C7)=0,COUNTIF($C$2:C7,C7)=1),ROW()-1,999) -> 999 | AU7: =IF(AND(B7="fixed",E7="军事科学",COUNTIF(职业选项!$G$2:$G$28,C7)=0,COUNTIF($C$2:C7,C7)=1),ROW()-1,999) -> 999 | AV7: =IF(AND(B7="fixed",E7="特种载具",COUNTIF(职业选项!$G$2:$G$28,C7)=0,COUNTIF($C$2:C7,C7)=1),ROW()-1,999) -> 999 | AW7: =IF(AND(B7="fixed",E7="科学",COUNTIF(职业选项!$G$2:$G$28,C7)=0,COUNTIF($C$2:C7,C7)=1),ROW()-1,999) -> 999 | AX7: =IF(AND(B7="fixed",E7<>"",COUNTIF($A$20:$A$74,C7)=0,COUNTIF($C$2:C7,C7)=1),ROW()-1,999) -> 999
A8: =IF($S$1=0,"",IF(INDEX($C$1:$C$331,$S$1+6)="","",INDEX($C$1:$C$331,$S$1+6))) -> 自选技能7（+20） | B8: =IF($S$1=0,"",IF(INDEX($D$1:$D$331,$S$1+6)="","",INDEX($D$1:$D$331,$S$1+6))) -> any | C8: =IF($S$1=0,"",IF(INDEX($E$1:$E$331,$S$1+6)="","",INDEX($E$1:$E$331,$S$1+6))) | D8: =IF($S$1=0,"",IF(INDEX($F$1:$F$331,$S$1+6)="","",INDEX($F$1:$F$331,$S$1+6))) | E8: =IF($S$1=0,"",IF(INDEX($G$1:$G$331,$S$1+6)="","",INDEX($G$1:$G$331,$S$1+6))) | F8: =TRIM(人物卡!BZ55) | G8: =IF(F8<>"",F8,IF(B8="fixed",C8,IF(B8="group",IF(E8="艺术",IFERROR(CHOOSE(COUNTIF($E$2:E8,E8),$A$24,$A$25,$A$26),""),IF(E8="工艺",IFERROR(CHOOSE(COUNTIF($E$2:E8,E8),$A$31,$A$32,$A$33,$A$34),""),IF(E8="外语",IFERROR(CHOOSE(COUNTIF($E$2:E8,E8),$A$42,$A$43,$A$44),""),IF(E8="军事科学",IFERROR(CHOOSE(COUNTIF($E$2:E8,E8),$A$53,$A$54,$A$55),""),IF(E8="特种载具",IFERROR(CHOOSE(COUNTIF($E$2:E8,E8),$A$60,$A$61,$A$62),""),IF(E8="科学",IFERROR(CHOOSE(COUNTIF($E$2:E8,E8),$A$65,$A$66,$A$67),""),"")))))),""))) | H8: =IF(AND(G8<>"",G8<>"非自然知识",COUNTIF($A$20:$A$78,G8)>0,OR(B8="any",B8="fixed",AND(B8="group",LEFT(G8,LEN(E8)+1)=E8&"（"),IFERROR(OR(ISNUMBER(FIND("|"&G8&"|",D8)),AND(IFERROR(FIND("（",G8),0)>0,ISNUMBER(FIND("|"&LEFT(G8,FIND("（",G8)-1)&"*|",D8)))),FALSE))),G8,"") | I8: =IF(A8="","",IF(H8="","待选／填写主卡细项","已分配")) -> 待选／填写主卡细项 | S8: =IF(人物卡!$DF$46="艰苦经历","艰苦技能 "&S7&"/5；移除关系 "&IF(人物卡!$DF$55="","待选",人物卡!$DF$55),IF(人物卡!$DF$46="人类不应知道之事",IF(人物卡!$DR$55="","待选／填写心理疾病","心理疾病已记录"),IF(OR(AND(人物卡!$DF$46="关押或入狱",人物卡!$DF$54<4),AND(人物卡!$DF$46="极端暴力",人物卡!$DR$54<4)),"原始属性不足以扣3，请核对","固定效果已计入"))) -> 固定效果已计入 | AR8: =IF(AND(B8="fixed",E8="艺术",COUNTIF(职业选项!$G$2:$G$28,C8)=0,COUNTIF($C$2:C8,C8)=1),ROW()-1,999) -> 999 | AS8: =IF(AND(B8="fixed",E8="工艺",COUNTIF(职业选项!$G$2:$G$28,C8)=0,COUNTIF($C$2:C8,C8)=1),ROW()-1,999) -> 999 | AT8: =IF(AND(B8="fixed",E8="外语",COUNTIF(职业选项!$G$2:$G$28,C8)=0,COUNTIF($C$2:C8,C8)=1),ROW()-1,999) -> 999 | AU8: =IF(AND(B8="fixed",E8="军事科学",COUNTIF(职业选项!$G$2:$G$28,C8)=0,COUNTIF($C$2:C8,C8)=1),ROW()-1,999) -> 999 | AV8: =IF(AND(B8="fixed",E8="特种载具",COUNTIF(职业选项!$G$2:$G$28,C8)=0,COUNTIF($C$2:C8,C8)=1),ROW()-1,999) -> 999 | AW8: =IF(AND(B8="fixed",E8="科学",COUNTIF(职业选项!$G$2:$G$28,C8)=0,COUNTIF($C$2:C8,C8)=1),ROW()-1,999) -> 999 | AX8: =IF(AND(B8="fixed",E8<>"",COUNTIF($A$20:$A$74,C8)=0,COUNTIF($C$2:C8,C8)=1),ROW()-1,999) -> 999
A9: =IF($S$1=0,"",IF(INDEX($C$1:$C$331,$S$1+7)="","",INDEX($C$1:$C$331,$S$1+7))) -> 自选技能8（+20） | B9: =IF($S$1=0,"",IF(INDEX($D$1:$D$331,$S$1+7)="","",INDEX($D$1:$D$331,$S$1+7))) -> any | C9: =IF($S$1=0,"",IF(INDEX($E$1:$E$331,$S$1+7)="","",INDEX($E$1:$E$331,$S$1+7))) | D9: =IF($S$1=0,"",IF(INDEX($F$1:$F$331,$S$1+7)="","",INDEX($F$1:$F$331,$S$1+7))) | E9: =IF($S$1=0,"",IF(INDEX($G$1:$G$331,$S$1+7)="","",INDEX($G$1:$G$331,$S$1+7))) | F9: =TRIM(人物卡!BZ56) | G9: =IF(F9<>"",F9,IF(B9="fixed",C9,IF(B9="group",IF(E9="艺术",IFERROR(CHOOSE(COUNTIF($E$2:E9,E9),$A$24,$A$25,$A$26),""),IF(E9="工艺",IFERROR(CHOOSE(COUNTIF($E$2:E9,E9),$A$31,$A$32,$A$33,$A$34),""),IF(E9="外语",IFERROR(CHOOSE(COUNTIF($E$2:E9,E9),$A$42,$A$43,$A$44),""),IF(E9="军事科学",IFERROR(CHOOSE(COUNTIF($E$2:E9,E9),$A$53,$A$54,$A$55),""),IF(E9="特种载具",IFERROR(CHOOSE(COUNTIF($E$2:E9,E9),$A$60,$A$61,$A$62),""),IF(E9="科学",IFERROR(CHOOSE(COUNTIF($E$2:E9,E9),$A$65,$A$66,$A$67),""),"")))))),""))) | H9: =IF(AND(G9<>"",G9<>"非自然知识",COUNTIF($A$20:$A$78,G9)>0,OR(B9="any",B9="fixed",AND(B9="group",LEFT(G9,LEN(E9)+1)=E9&"（"),IFERROR(OR(ISNUMBER(FIND("|"&G9&"|",D9)),AND(IFERROR(FIND("（",G9),0)>0,ISNUMBER(FIND("|"&LEFT(G9,FIND("（",G9)-1)&"*|",D9)))),FALSE))),G9,"") | I9: =IF(A9="","",IF(H9="","待选／填写主卡细项","已分配")) -> 待选／填写主卡细项 | AR9: =IF(AND(B9="fixed",E9="艺术",COUNTIF(职业选项!$G$2:$G$28,C9)=0,COUNTIF($C$2:C9,C9)=1),ROW()-1,999) -> 999 | AS9: =IF(AND(B9="fixed",E9="工艺",COUNTIF(职业选项!$G$2:$G$28,C9)=0,COUNTIF($C$2:C9,C9)=1),ROW()-1,999) -> 999 | AT9: =IF(AND(B9="fixed",E9="外语",COUNTIF(职业选项!$G$2:$G$28,C9)=0,COUNTIF($C$2:C9,C9)=1),ROW()-1,999) -> 999 | AU9: =IF(AND(B9="fixed",E9="军事科学",COUNTIF(职业选项!$G$2:$G$28,C9)=0,COUNTIF($C$2:C9,C9)=1),ROW()-1,999) -> 999 | AV9: =IF(AND(B9="fixed",E9="特种载具",COUNTIF(职业选项!$G$2:$G$28,C9)=0,COUNTIF($C$2:C9,C9)=1),ROW()-1,999) -> 999 | AW9: =IF(AND(B9="fixed",E9="科学",COUNTIF(职业选项!$G$2:$G$28,C9)=0,COUNTIF($C$2:C9,C9)=1),ROW()-1,999) -> 999 | AX9: =IF(AND(B9="fixed",E9<>"",COUNTIF($A$20:$A$74,C9)=0,COUNTIF($C$2:C9,C9)=1),ROW()-1,999) -> 999
G12: =TRIM(人物卡!DF57) | H12: =IF(AND(人物卡!$DF$46="艰苦经历",G12<>"",G12<>"非自然知识",COUNTIF($A$20:$A$78,G12)>0,COUNTIF($G$12:$G$16,G12)=1),G12,"")
G13: =TRIM(人物卡!DF58) | H13: =IF(AND(人物卡!$DF$46="艰苦经历",G13<>"",G13<>"非自然知识",COUNTIF($A$20:$A$78,G13)>0,COUNTIF($G$12:$G$16,G13)=1),G13,"")
G14: =TRIM(人物卡!DF59) | H14: =IF(AND(人物卡!$DF$46="艰苦经历",G14<>"",G14<>"非自然知识",COUNTIF($A$20:$A$78,G14)>0,COUNTIF($G$12:$G$16,G14)=1),G14,"")
G15: =TRIM(人物卡!DF60) | H15: =IF(AND(人物卡!$DF$46="艰苦经历",G15<>"",G15<>"非自然知识",COUNTIF($A$20:$A$78,G15)>0,COUNTIF($G$12:$G$16,G15)=1),G15,"")
G16: =TRIM(人物卡!DF61) | H16: =IF(AND(人物卡!$DF$46="艰苦经历",G16<>"",G16<>"非自然知识",COUNTIF($A$20:$A$78,G16)>0,COUNTIF($G$12:$G$16,G16)=1),G16,"")
Z19: =COUNTIF($Y$20:$Y$78,"<999") -> 36 | AA19: =COUNTIF($AB$20:$AB$78,"<999") -> 36 | AC19: =COUNTIF($AD$20:$AD$78,"<999") -> 36 | AE19: =COUNTIF($AF$20:$AF$78,"<999") -> 36 | AG19: =COUNTIF($AH$20:$AH$78,"<999") -> 36 | AI19: =COUNTIF($AJ$20:$AJ$78,"<999") -> 36 | AK19: =COUNTIF($AL$20:$AL$78,"<999") -> 36 | AM19: =COUNTIF($AN$20:$AN$78,"<999") -> 36 | AO19: =COUNTIF($AP$20:$AP$78,"<999") -> 36
A20: =人物卡!D14 -> 会计学 | B20: =IF(A20="","",IF(ISNUMBER(FIND("（",A20)),LEFT(A20,FIND("（",A20)-1),"")) | C20: =IF(人物卡!V14="",N(人物卡!S14),N(人物卡!V14)) -> 10 | D20: =IF(AND(A20<>"",COUNTIF($A$20:A20,A20)=1),COUNTIF($H$2:$H$9,A20)*20,0) -> 0 | E20: =MIN(D20,MAX(0,80-C20)) -> 0 | F20: =IF(AND(A20<>"",COUNTIF($A$20:A20,A20)=1),IF(A20="神秘学",IF(人物卡!$DF$46="人类不应知道之事",20,IF(OR(人物卡!$DF$46="极端暴力",人物卡!$DF$46="关押或入狱",人物卡!$DF$46="艰苦经历"),10,0)),0)+IF(人物卡!$DF$46="艰苦经历",COUNTIF($H$12:$H$16,A20)*10,0),0) -> 0 | G20: =IF(人物卡!$DF$46="艰苦经历",MIN(F20,MAX(0,90-C20-E20)),MIN(F20,MAX(0,99-C20-E20))) -> 0 | H20: =IF(E20+G20=0,"",E20+G20) | I20: =IF(AND(A20<>"",COUNTIF($A$20:$A$78,A20)>1),"同名技能占多格","") | J20: P14 | K20: Y14 | Y20: =IF(AND($A20<>"",COUNTIF($A$20:A20,A20)=1,$A20<>"非自然知识"),ROW()-19,999) -> 1 | Z20: =IFERROR(INDEX($A$20:$A$78,SMALL($Y$20:$Y$78,1)),"") -> 会计学 | AA20: =IFERROR(INDEX($A$20:$A$78,SMALL($AB$20:$AB$78,1)),"") -> 会计学 | AB20: =IF(AND($A20<>"",COUNTIF($A$20:A20,A20)=1,AND($A20<>"",$A20<>"非自然知识",COUNTIF($A$20:$A$78,$A20)>0,OR($B$2="any",$B$2="fixed",AND($B$2="group",LEFT($A20,LEN($E$2)+1)=$E$2&"（"),IFERROR(OR(ISNUMBER(FIND("|"&$A20&"|",$D$2)),AND(IFERROR(FIND("（",$A20),0)>0,ISNUMBER(FIND("|"&LEFT($A20,FIND("（",$A20)-1)&"*|",$D$2)))),FALSE)))),ROW()-19,999) -> 1 | AC20: =IFERROR(INDEX($A$20:$A$78,SMALL($AD$20:$AD$78,1)),"") -> 会计学 | AD20: =IF(AND($A20<>"",COUNTIF($A$20:A20,A20)=1,AND($A20<>"",$A20<>"非自然知识",COUNTIF($A$20:$A$78,$A20)>0,OR($B$3="any",$B$3="fixed",AND($B$3="group",LEFT($A20,LEN($E$3)+1)=$E$3&"（"),IFERROR(OR(ISNUMBER(FIND("|"&$A20&"|",$D$3)),AND(IFERROR(FIND("（",$A20),0)>0,ISNUMBER(FIND("|"&LEFT($A20,FIND("（",$A20)-1)&"*|",$D$3)))),FALSE)))),ROW()-19,999) -> 1 | AE20: =IFERROR(INDEX($A$20:$A$78,SMALL($AF$20:$AF$78,1)),"") -> 会计学 | AF20: =IF(AND($A20<>"",COUNTIF($A$20:A20,A20)=1,AND($A20<>"",$A20<>"非自然知识",COUNTIF($A$20:$A$78,$A20)>0,OR($B$4="any",$B$4="fixed",AND($B$4="group",LEFT($A20,LEN($E$4)+1)=$E$4&"（"),IFERROR(OR(ISNUMBER(FIND("|"&$A20&"|",$D$4)),AND(IFERROR(FIND("（",$A20),0)>0,ISNUMBER(FIND("|"&LEFT($A20,FIND("（",$A20)-1)&"*|",$D$4)))),FALSE)))),ROW()-19,999) -> 1 | AG20: =IFERROR(INDEX($A$20:$A$78,SMALL($AH$20:$AH$78,1)),"") -> 会计学 | AH20: =IF(AND($A20<>"",COUNTIF($A$20:A20,A20)=1,AND($A20<>"",$A20<>"非自然知识",COUNTIF($A$20:$A$78,$A20)>0,OR($B$5="any",$B$5="fixed",AND($B$5="group",LEFT($A20,LEN($E$5)+1)=$E$5&"（"),IFERROR(OR(ISNUMBER(FIND("|"&$A20&"|",$D$5)),AND(IFERROR(FIND("（",$A20),0)>0,ISNUMBER(FIND("|"&LEFT($A20,FIND("（",$A20)-1)&"*|",$D$5)))),FALSE)))),ROW()-19,999) -> 1 | AI20: =IFERROR(INDEX($A$20:$A$78,SMALL($AJ$20:$AJ$78,1)),"") -> 会计学 | AJ20: =IF(AND($A20<>"",COUNTIF($A$20:A20,A20)=1,AND($A20<>"",$A20<>"非自然知识",COUNTIF($A$20:$A$78,$A20)>0,OR($B$6="any",$B$6="fixed",AND($B$6="group",LEFT($A20,LEN($E$6)+1)=$E$6&"（"),IFERROR(OR(ISNUMBER(FIND("|"&$A20&"|",$D$6)),AND(IFERROR(FIND("（",$A20),0)>0,ISNUMBER(FIND("|"&LEFT($A20,FIND("（",$A20)-1)&"*|",$D$6)))),FALSE)))),ROW()-19,999) -> 1 | AK20: =IFERROR(INDEX($A$20:$A$78,SMALL($AL$20:$AL$78,1)),"") -> 会计学 | AL20: =IF(AND($A20<>"",COUNTIF($A$20:A20,A20)=1,AND($A20<>"",$A20<>"非自然知识",COUNTIF($A$20:$A$78,$A20)>0,OR($B$7="any",$B$7="fixed",AND($B$7="group",LEFT($A20,LEN($E$7)+1)=$E$7&"（"),IFERROR(OR(ISNUMBER(FIND("|"&$A20&"|",$D$7)),AND(IFERROR(FIND("（",$A20),0)>0,ISNUMBER(FIND("|"&LEFT($A20,FIND("（",$A20)-1)&"*|",$D$7)))),FALSE)))),ROW()-19,999) -> 1 | AM20: =IFERROR(INDEX($A$20:$A$78,SMALL($AN$20:$AN$78,1)),"") -> 会计学 | AN20: =IF(AND($A20<>"",COUNTIF($A$20:A20,A20)=1,AND($A20<>"",$A20<>"非自然知识",COUNTIF($A$20:$A$78,$A20)>0,OR($B$8="any",$B$8="fixed",AND($B$8="group",LEFT($A20,LEN($E$8)+1)=$E$8&"（"),IFERROR(OR(ISNUMBER(FIND("|"&$A20&"|",$D$8)),AND(IFERROR(FIND("（",$A20),0)>0,ISNUMBER(FIND("|"&LEFT($A20,FIND("（",$A20)-1)&"*|",$D$8)))),FALSE)))),ROW()-19,999) -> 1 | AO20: =IFERROR(INDEX($A$20:$A$78,SMALL($AP$20:$AP$78,1)),"") -> 会计学 | AP20: =IF(AND($A20<>"",COUNTIF($A$20:A20,A20)=1,AND($A20<>"",$A20<>"非自然知识",COUNTIF($A$20:$A$78,$A20)>0,OR($B$9="any",$B$9="fixed",AND($B$9="group",LEFT($A20,LEN($E$9)+1)=$E$9&"（"),IFERROR(OR(ISNUMBER(FIND("|"&$A20&"|",$D$9)),AND(IFERROR(FIND("（",$A20),0)>0,ISNUMBER(FIND("|"&LEFT($A20,FIND("（",$A20)-1)&"*|",$D$9)))),FALSE)))),ROW()-19,999) -> 1
